"","itemcode","item_desc","FoodName_3","wt","N_HH"
"1",1001,"COOKING OIL","sunflower oil",0.262150141028423,978
"2",1001,"COOKING OIL","sunflower seeds, dried",0.262150141028423,978
"3",1001,"COOKING OIL","cotton seed oil",0.197656758515947,978
"4",1001,"COOKING OIL","maize oil",0.0854306791060968,978
"5",1001,"COOKING OIL","palm oil",0.0854306791060968,978
"6",1001,"COOKING OIL","sesame seeds",0.0194185289650683,978
"7",1001,"COOKING OIL","sesame seed oil",0.0194185289650683,978
"8",1001,"COOKING OIL","peanut oil",0.0346062052505967,978
"9",1001,"COOKING OIL","coconut oil",0.0245172488609243,978
"10",1001,"COOKING OIL","ghee",0.00672597092644825,978
"11",1001,"COOKING OIL","olive oil",0.00249511824690822,978
"12",601,"ONIONS, TOMATOES, CARROTS AND GREEN PEPPER, OTHER VIUNGO","tomatoes, green, fresh, raw",0.229053662646796,1045
"13",601,"ONIONS, TOMATOES, CARROTS AND GREEN PEPPER, OTHER VIUNGO","tomatoes, red, ripe, fresh, raw",0.229053662646796,1045
"14",601,"ONIONS, TOMATOES, CARROTS AND GREEN PEPPER, OTHER VIUNGO","onions, raw",0.119578001298998,1045
"15",601,"ONIONS, TOMATOES, CARROTS AND GREEN PEPPER, OTHER VIUNGO","onion, mature, red skinned, fresh, raw",0.119578001298998,1045
"16",601,"ONIONS, TOMATOES, CARROTS AND GREEN PEPPER, OTHER VIUNGO","spring onion, fresh, raw",0.119578001298998,1045
"17",601,"ONIONS, TOMATOES, CARROTS AND GREEN PEPPER, OTHER VIUNGO","native eggplant, raw",0.104955500552952,1045
"18",601,"ONIONS, TOMATOES, CARROTS AND GREEN PEPPER, OTHER VIUNGO","carrot, fresh, raw",0.0665121912686292,1045
"19",601,"ONIONS, TOMATOES, CARROTS AND GREEN PEPPER, OTHER VIUNGO","spring onion, fresh, raw",0.00879456527463268,1045
"20",601,"ONIONS, TOMATOES, CARROTS AND GREEN PEPPER, OTHER VIUNGO","pepper, raw",0.00289641371320238,1045
"21",105,"MAIZE (FLOUR)","maize, flour, white, refined, non-fermented, raw",1,940
"22",301,"SUGAR","sugar, brown",0.827283471213912,877
"23",301,"SUGAR","sugar, white",0.172716528786088,877
"24",602,"SPINACH, CABBAGE AND OTHER GREEN VEGETABLES","pumpkin leaves, raw",0.224687933425798,875
"25",602,"SPINACH, CABBAGE AND OTHER GREEN VEGETABLES","malabar spinach, leaves, fresh, raw",0.158113730929265,875
"26",602,"SPINACH, CABBAGE AND OTHER GREEN VEGETABLES","cassava leaves, raw",0.137251502542765,875
"27",602,"SPINACH, CABBAGE AND OTHER GREEN VEGETABLES","cow pea leaves, fresh, raw",0.0416088765603329,875
"28",602,"SPINACH, CABBAGE AND OTHER GREEN VEGETABLES","taro leaves, fresh, raw",0.0416088765603329,875
"29",602,"SPINACH, CABBAGE AND OTHER GREEN VEGETABLES","kale, cabbage leaves, fresh, raw",0.0416088765603329,875
"30",602,"SPINACH, CABBAGE AND OTHER GREEN VEGETABLES","blackjack leaves, raw",0.0165087070426876,875
"31",602,"SPINACH, CABBAGE AND OTHER GREEN VEGETABLES","spider plant, leaves, fresh, raw",0.0165087070426876,875
"32",602,"SPINACH, CABBAGE AND OTHER GREEN VEGETABLES","taro leaves, fresh, raw",0.0165087070426876,875
"33",602,"SPINACH, CABBAGE AND OTHER GREEN VEGETABLES","malabar spinach, leaves, fresh, raw",0.0165087070426876,875
"34",602,"SPINACH, CABBAGE AND OTHER GREEN VEGETABLES","moringa, leaves, raw",0.0165087070426876,875
"35",602,"SPINACH, CABBAGE AND OTHER GREEN VEGETABLES","black nightshade, leaves, fresh, raw",0.0165087070426876,875
"36",602,"SPINACH, CABBAGE AND OTHER GREEN VEGETABLES","spinach, fresh, raw",0.0967406380027739,875
"37",602,"SPINACH, CABBAGE AND OTHER GREEN VEGETABLES","cabbages, chinese, raw",0.0290298967483433,875
"38",602,"SPINACH, CABBAGE AND OTHER GREEN VEGETABLES","cabbages, white, fresh, raw",0.0290298967483433,875
"39",602,"SPINACH, CABBAGE AND OTHER GREEN VEGETABLES","cabbage, red, fresh, raw",0.0290298967483433,875
"40",602,"SPINACH, CABBAGE AND OTHER GREEN VEGETABLES","cow pea leaves, fresh, raw",0.0655917706888581,875
"41",602,"SPINACH, CABBAGE AND OTHER GREEN VEGETABLES","coriander leaves, fresh, raw",0.0066458622283865,875
"42",401,"PEAS, BEANS, LENTILS AND OTHER PULSES","common beans, dried, raw",0.484363008442057,834
"43",401,"PEAS, BEANS, LENTILS AND OTHER PULSES","soybeans, dried, raw",0.171431312356101,834
"44",401,"PEAS, BEANS, LENTILS AND OTHER PULSES","cow peas, dried, raw",0.0798158096699923,834
"45",401,"PEAS, BEANS, LENTILS AND OTHER PULSES","kidney beans, dried, raw",0.0699347659247889,834
"46",401,"PEAS, BEANS, LENTILS AND OTHER PULSES","green beans, fresh, raw",0.0661933998465081,834
"47",401,"PEAS, BEANS, LENTILS AND OTHER PULSES","peas, green, fresh, raw",0.0344397544128933,834
"48",401,"PEAS, BEANS, LENTILS AND OTHER PULSES","lima beans, dried, raw",0.00415250520776231,834
"49",401,"PEAS, BEANS, LENTILS AND OTHER PULSES","lablab, dried, raw",0.00415250520776231,834
"50",401,"PEAS, BEANS, LENTILS AND OTHER PULSES","chick peas, dried, raw",0.00415250520776231,834
"51",401,"PEAS, BEANS, LENTILS AND OTHER PULSES","gram, black, dried, raw",0.00415250520776231,834
"52",401,"PEAS, BEANS, LENTILS AND OTHER PULSES","mung bean, dried, raw",0.00415250520776231,834
"53",401,"PEAS, BEANS, LENTILS AND OTHER PULSES","lentils, dried, raw",0.00415250520776231,834
"54",401,"PEAS, BEANS, LENTILS AND OTHER PULSES","pigeon peas, dried, raw",0.00415250520776231,834
"55",401,"PEAS, BEANS, LENTILS AND OTHER PULSES","peas, dried, raw",0.0257099002302379,834
"56",401,"PEAS, BEANS, LENTILS AND OTHER PULSES","cow peas, green, fresh, raw",0.0195702225633154,834
"57",401,"PEAS, BEANS, LENTILS AND OTHER PULSES","broad beans, green, raw",0.0069071373752878,834
"58",401,"PEAS, BEANS, LENTILS AND OTHER PULSES","broad bean, dried, raw",0.0069071373752878,834
"59",401,"PEAS, BEANS, LENTILS AND OTHER PULSES","green beans, fresh, raw",0.00566001534919417,834
"60",808,"FRESH FISH AND SEAFOOD (INCLUDING DAGAA)","rhinofishes nei, fillet, fresh, raw",0.0730003492839679,646
"61",808,"FRESH FISH AND SEAFOOD (INCLUDING DAGAA)","european anchovy, fresh, raw",0.0730003492839679,646
"62",808,"FRESH FISH AND SEAFOOD (INCLUDING DAGAA)","naked catfishes, fillet, fresh, raw",0.0730003492839679,646
"63",808,"FRESH FISH AND SEAFOOD (INCLUDING DAGAA)","upsidedown catfishes, fillet, fresh, raw",0.0730003492839679,646
"64",808,"FRESH FISH AND SEAFOOD (INCLUDING DAGAA)","north african catfish, fillet, fresh, raw",0.0730003492839679,646
"65",808,"FRESH FISH AND SEAFOOD (INCLUDING DAGAA)","nile perch, fillet, fresh, raw",0.0730003492839679,646
"66",808,"FRESH FISH AND SEAFOOD (INCLUDING DAGAA)","tilapias nei, fillet, fresh, raw",0.0730003492839679,646
"67",808,"FRESH FISH AND SEAFOOD (INCLUDING DAGAA)","barracudas nei, fillet, fresh, raw",0.0730100516164086,646
"68",808,"FRESH FISH AND SEAFOOD (INCLUDING DAGAA)","seerfishes nei, fillet, fresh, raw",0.0730100516164086,646
"69",808,"FRESH FISH AND SEAFOOD (INCLUDING DAGAA)","sardinellas nei, fillet, fresh, raw",0.0730100516164086,646
"70",808,"FRESH FISH AND SEAFOOD (INCLUDING DAGAA)","true tunas nei, fillet, fresh, raw",0.0730100516164086,646
"71",808,"FRESH FISH AND SEAFOOD (INCLUDING DAGAA)","sardines, fresh, raw",0.187720728063026,646
"72",808,"FRESH FISH AND SEAFOOD (INCLUDING DAGAA)","prawns, fresh, raw",0.00516164085846237,646
"73",808,"FRESH FISH AND SEAFOOD (INCLUDING DAGAA)","octopuses, raw",0.00244498777506112,646
"74",808,"FRESH FISH AND SEAFOOD (INCLUDING DAGAA)","squids, raw",0.00162999185004075,646
"75",809,"DRIED/SALTED/CANNED FISH AND SEAFOOD (INCL. DAGAA)","cyprinid, silver, dried, raw",0.667550126757317,459
"76",809,"DRIED/SALTED/CANNED FISH AND SEAFOOD (INCL. DAGAA)","fish, dried, raw",0.104440347238227,459
"77",809,"DRIED/SALTED/CANNED FISH AND SEAFOOD (INCL. DAGAA)","nile perc, dried, raw",0.104440347238227,459
"78",809,"DRIED/SALTED/CANNED FISH AND SEAFOOD (INCL. DAGAA)","cyprinid, silver, dried, raw",0.104440347238227,459
"79",809,"DRIED/SALTED/CANNED FISH AND SEAFOOD (INCL. DAGAA)","shrimp, whole, dried, raw",0.0175155565798571,459
"80",809,"DRIED/SALTED/CANNED FISH AND SEAFOOD (INCL. DAGAA)","sardines, tinned",0.00161327494814473,459
"81",110,"BUNS, CAKES AND BISCUITS","buns",0.426586325627152,453
"82",110,"BUNS, CAKES AND BISCUITS","scones",0.426586325627152,453
"83",110,"BUNS, CAKES AND BISCUITS","biscuit, savoury",0.0432857845548451,453
"84",110,"BUNS, CAKES AND BISCUITS","biscuits, sweet, plain",0.0432857845548451,453
"85",110,"BUNS, CAKES AND BISCUITS","cake, plain butter",0.0120511559272012,453
"86",110,"BUNS, CAKES AND BISCUITS","cake, fruit",0.0120511559272012,453
"87",110,"BUNS, CAKES AND BISCUITS","cake, sponge, homemade",0.0120511559272012,453
"88",110,"BUNS, CAKES AND BISCUITS","cake, sponge, without fat",0.0120511559272012,453
"89",110,"BUNS, CAKES AND BISCUITS","cake, iced",0.0120511559272012,453
"90",802,"BEEF INCLUDING MINCED SAUSAGE","beef, lean, without bones, fresh, raw",0.305726187954529,420
"91",802,"BEEF INCLUDING MINCED SAUSAGE","beef, moderate fat, without bones, fresh, raw",0.305726187954529,420
"92",802,"BEEF INCLUDING MINCED SAUSAGE","beef, high fat, without bones, fresh, raw",0.305726187954529,420
"93",802,"BEEF INCLUDING MINCED SAUSAGE","beef, lean, without bones, fresh, raw",0.0247828849819953,420
"94",802,"BEEF INCLUDING MINCED SAUSAGE","beef, moderate fat, without bones, fresh, raw",0.0247828849819953,420
"95",802,"BEEF INCLUDING MINCED SAUSAGE","beef, high fat, without bones, fresh, raw",0.0247828849819953,420
"96",802,"BEEF INCLUDING MINCED SAUSAGE","beef liver, fresh, raw",0.00783732260114382,420
"97",802,"BEEF INCLUDING MINCED SAUSAGE","beef, sausage, raw",0.000635458589281932,420
"98",702,"CITRUS FRUITS (ORANGES, LEMON, TANGERINES, ETC.)","oranges, raw",0.477435897435897,375
"99",702,"CITRUS FRUITS (ORANGES, LEMON, TANGERINES, ETC.)","lemons, raw",0.228717948717949,375
"100",702,"CITRUS FRUITS (ORANGES, LEMON, TANGERINES, ETC.)","limes, raw",0.215897435897436,375
"101",702,"CITRUS FRUITS (ORANGES, LEMON, TANGERINES, ETC.)","kumquats, fresh, raw",0.0512820512820513,375
"102",702,"CITRUS FRUITS (ORANGES, LEMON, TANGERINES, ETC.)","tangerines, raw",0.018974358974359,375
"103",702,"CITRUS FRUITS (ORANGES, LEMON, TANGERINES, ETC.)","grapefruits, raw",0.00769230769230769,375
"104",502,"COCONUTS (MATURE/IMMATURE)","coconut, mature, fresh, raw",0.963338533541342,374
"105",502,"COCONUTS (MATURE/IMMATURE)","coconut, inmature, fresh, raw",0.0366614664586583,374
"106",703,"MANGOES, AVOCADOES AND OTHER FRUITS","mangoes, unripe, fresh, raw",0.145495879511225,349
"107",703,"MANGOES, AVOCADOES AND OTHER FRUITS","mangoes, ripe, fresh, raw",0.145495879511225,349
"108",703,"MANGOES, AVOCADOES AND OTHER FRUITS","avocados, raw",0.238988348962774,349
"109",703,"MANGOES, AVOCADOES AND OTHER FRUITS","watermelon, fresh, raw",0.092924126172208,349
"110",703,"MANGOES, AVOCADOES AND OTHER FRUITS","pineapple, raw",0.0866723500994601,349
"111",703,"MANGOES, AVOCADOES AND OTHER FRUITS","soursop, fruit, fresh, raw",0.0861040068201194,349
"112",703,"MANGOES, AVOCADOES AND OTHER FRUITS","indian jujubes, raw",0.0187553282182438,349
"113",703,"MANGOES, AVOCADOES AND OTHER FRUITS","baobab fruits, raw",0.0187553282182438,349
"114",703,"MANGOES, AVOCADOES AND OTHER FRUITS","jackfruit, fresh, raw",0.0187553282182438,349
"115",703,"MANGOES, AVOCADOES AND OTHER FRUITS","passion fruit, dark purple skin, fresh, raw",0.0187553282182438,349
"116",703,"MANGOES, AVOCADOES AND OTHER FRUITS","loquat, fresh, raw",0.0251491901108269,349
"117",703,"MANGOES, AVOCADOES AND OTHER FRUITS",NA,0.0251491901108269,349
"118",703,"MANGOES, AVOCADOES AND OTHER FRUITS","guavas, raw",0.0264279624893436,349
"119",703,"MANGOES, AVOCADOES AND OTHER FRUITS","jackfruit, fresh, raw",0.0196078431372549,349
"120",703,"MANGOES, AVOCADOES AND OTHER FRUITS","pear, fresh, raw",0.0110826939471441,349
"121",703,"MANGOES, AVOCADOES AND OTHER FRUITS","passion fruit, dark purple skin, fresh, raw",0.00625177607274794,349
"122",703,"MANGOES, AVOCADOES AND OTHER FRUITS",NA,0.00454674623472577,349
"123",703,"MANGOES, AVOCADOES AND OTHER FRUITS","apples, raw",0.00397840295538505,349
"124",703,"MANGOES, AVOCADOES AND OTHER FRUITS","peaches, fresh, raw",0.00227337311736289,349
"125",703,"MANGOES, AVOCADOES AND OTHER FRUITS","strawberries, fresh, raw",0.00227337311736289,349
"126",703,"MANGOES, AVOCADOES AND OTHER FRUITS","grapes, raw",0.0014208581983518,349
"127",703,"MANGOES, AVOCADOES AND OTHER FRUITS","squashes, butternut, raw",0.00113668655868144,349
"128",203,"SWEET POTATOES","sweet potato, pale yellow flesh, fresh, raw",0.5,335
"129",203,"SWEET POTATOES","sweet potato, white-flesh, raw",0.5,335
"130",901,"FRESH MILK","milk, cow, whole, raw",0.923225494929986,262
"131",901,"FRESH MILK","milk, cow, whole, raw",0.0251086431675519,262
"132",901,"FRESH MILK","camel milk, fresh",0.00788668920006438,262
"133",901,"FRESH MILK","goat milk, fresh",0.00788668920006438,262
"134",901,"FRESH MILK","sheep milk, fresh",0.00788668920006438,262
"135",901,"FRESH MILK","milk, cow, skimmed, raw",0.0115886045388701,262
"136",901,"FRESH MILK","milk flavoured, chocolate",0.00362143891839691,262
"137",901,"FRESH MILK","milk flavoured, strawberry, banana",0.00362143891839691,262
"138",901,"FRESH MILK","milk flavoured, chocolate",0.00313858039594399,262
"139",901,"FRESH MILK","milk flavoured, strawberry, banana",0.00313858039594399,262
"140",901,"FRESH MILK","milk, cow, skimmed, raw",0.00289715113471753,262
"141",109,"BREAD","bread, wheat flour, refined",0.559059633027523,228
"142",109,"BREAD","bread, wheat flour, refined",0.0665137614678899,228
"143",109,"BREAD","bread, wheat flour, unrefined",0.0665137614678899,228
"144",109,"BREAD","bread, wheat flour, refined",0.0980504587155963,228
"145",109,"BREAD","chapati, wheat flour, unrefined, added ghee",0.0290519877675841,228
"146",109,"BREAD","chapati, wheat flour, unrefined",0.0290519877675841,228
"147",109,"BREAD","chapati, wheat flour, refined",0.0290519877675841,228
"148",109,"BREAD","dough, fried",0.0619266055045872,228
"149",109,"BREAD","bread, wheat flour, unrefined",0.0470183486238532,228
"150",109,"BREAD","bread, sweet, wheat flour, refined",0.0137614678899083,228
"151",1081,"WHEAT FLOUR","wheat flour, unrefined",0.5,216
"152",1081,"WHEAT FLOUR","wheat flour, refined",0.5,216
"153",501,"GROUNDNUTS IN SHELL/SHELLED","peanuts, shelled, dried, raw",0.444184687317358,214
"154",501,"GROUNDNUTS IN SHELL/SHELLED","peanuts, shelled, dried, raw",0.324956165984804,214
"155",501,"GROUNDNUTS IN SHELL/SHELLED","peanuts, shelled, dried, raw",0.230859146697838,214
"156",1104,"BOTTLED/CANNED SOFT DRINKS (SODA, JUICE, WATER)","water, drinking, bottled",0.643386243386243,211
"157",1104,"BOTTLED/CANNED SOFT DRINKS (SODA, JUICE, WATER)","water, drinking, bottled",0.149559082892416,211
"158",1104,"BOTTLED/CANNED SOFT DRINKS (SODA, JUICE, WATER)","lemon, juice, homemade",0.0191358024691358,211
"159",1104,"BOTTLED/CANNED SOFT DRINKS (SODA, JUICE, WATER)","lime, juice",0.0191358024691358,211
"160",1104,"BOTTLED/CANNED SOFT DRINKS (SODA, JUICE, WATER)","passion fruit, juice",0.0191358024691358,211
"161",1104,"BOTTLED/CANNED SOFT DRINKS (SODA, JUICE, WATER)",NA,0.0191358024691358,211
"162",1104,"BOTTLED/CANNED SOFT DRINKS (SODA, JUICE, WATER)","juices, canned bottled, sweetened",0.00795610425240055,211
"163",1104,"BOTTLED/CANNED SOFT DRINKS (SODA, JUICE, WATER)","juices, canned bottled, unsweetened",0.00795610425240055,211
"164",1104,"BOTTLED/CANNED SOFT DRINKS (SODA, JUICE, WATER)","beverages, cranberry-apple juice drink, bottled",0.00795610425240055,211
"165",1104,"BOTTLED/CANNED SOFT DRINKS (SODA, JUICE, WATER)","beverages, cranberry-apricot juice drink, bottled",0.00795610425240055,211
"166",1104,"BOTTLED/CANNED SOFT DRINKS (SODA, JUICE, WATER)","beverages, cranberry-grape juice drink, bottled",0.00795610425240055,211
"167",1104,"BOTTLED/CANNED SOFT DRINKS (SODA, JUICE, WATER)","beverages, grape juice drink, canned",0.00795610425240055,211
"168",1104,"BOTTLED/CANNED SOFT DRINKS (SODA, JUICE, WATER)","beverages, orange and apricot juice drink, canned",0.00795610425240055,211
"169",1104,"BOTTLED/CANNED SOFT DRINKS (SODA, JUICE, WATER)","beverages, pineapple and grapefruit juice drink, canned",0.00795610425240055,211
"170",1104,"BOTTLED/CANNED SOFT DRINKS (SODA, JUICE, WATER)","beverages, pineapple and orange juice drink, canned",0.00795610425240055,211
"171",1104,"BOTTLED/CANNED SOFT DRINKS (SODA, JUICE, WATER)","sugar sweetned beverage, cola",0.0578483245149912,211
"172",1104,"BOTTLED/CANNED SOFT DRINKS (SODA, JUICE, WATER)","tomato, juice",0.000529100529100529,211
"173",1104,"BOTTLED/CANNED SOFT DRINKS (SODA, JUICE, WATER)","carrot, juice",0.000529100529100529,211
"174",804,"CHICKEN AND OTHER POULTRY","chicken meat, fresh, raw",0.543357933579336,206
"175",804,"CHICKEN AND OTHER POULTRY","duck, meat and skin, fresh, raw",0.154520295202952,206
"176",804,"CHICKEN AND OTHER POULTRY","guinea-fowl meat, fresh, raw",0.154520295202952,206
"177",804,"CHICKEN AND OTHER POULTRY","chicken meat, fresh, raw",0.119926199261993,206
"178",804,"CHICKEN AND OTHER POULTRY","chicken meat, fresh, raw",0.0239852398523985,206
"179",804,"CHICKEN AND OTHER POULTRY","chicken meat, fresh, raw",0.003690036900369,206
"180",202,"CASSAVA DRY/FLOUR",NA,0.557608695652174,186
"181",202,"CASSAVA DRY/FLOUR","cassava, root, white, dried, raw",0.221195652173913,186
"182",202,"CASSAVA DRY/FLOUR","cassava, root, sweet, dried, raw",0.221195652173913,186
"183",1004,"OTHER SPICES","turmeric roots",0.117089125102208,153
"184",1004,"OTHER SPICES","mixed spices",0.117089125102208,153
"185",1004,"OTHER SPICES","fenugreek, dried, raw",0.117089125102208,153
"186",1004,"OTHER SPICES","moringa, leaves, raw",0.117089125102208,153
"187",1004,"OTHER SPICES","stock cube, beef",0.117089125102208,153
"188",1004,"OTHER SPICES","ginger, fresh, raw",0.166394112837285,153
"189",1004,"OTHER SPICES","ginger, dried, powder",0.166394112837285,153
"190",1004,"OTHER SPICES","curry powder",0.0817661488143908,153
"191",902,"MILK PRODUCTS (LIKE CREAM, CHEESE, YOGHURT ETC)","yoghurt, cow milk, plain",0.265036864571207,110
"192",902,"MILK PRODUCTS (LIKE CREAM, CHEESE, YOGHURT ETC)","yoghurt, cow milk, skimmed, plain",0.265036864571207,110
"193",902,"MILK PRODUCTS (LIKE CREAM, CHEESE, YOGHURT ETC)","yoghurt, cow milk, skimmed, sweetened",0.265036864571207,110
"194",902,"MILK PRODUCTS (LIKE CREAM, CHEESE, YOGHURT ETC)","cream, cow milk, 35%",0.155995343422584,110
"195",902,"MILK PRODUCTS (LIKE CREAM, CHEESE, YOGHURT ETC)","cheese, cow milk, cheddar",0.00465657741559953,110
"196",902,"MILK PRODUCTS (LIKE CREAM, CHEESE, YOGHURT ETC)","cheese, cow milk, skimmed, cottage",0.00465657741559953,110
"197",902,"MILK PRODUCTS (LIKE CREAM, CHEESE, YOGHURT ETC)","cheese, cow milk, whole, cottage",0.00465657741559953,110
"198",902,"MILK PRODUCTS (LIKE CREAM, CHEESE, YOGHURT ETC)","cheese, cow milk, cottage",0.00465657741559953,110
"199",902,"MILK PRODUCTS (LIKE CREAM, CHEESE, YOGHURT ETC)","milk fermented, industrial",0.00873108265424913,110
"200",902,"MILK PRODUCTS (LIKE CREAM, CHEESE, YOGHURT ETC)","milk fermented, traditional",0.00873108265424913,110
"201",902,"MILK PRODUCTS (LIKE CREAM, CHEESE, YOGHURT ETC)","cream, cow milk, 35%",0.0128055878928987,110
"202",111,"MACARONI, SPAGHETTI","pasta, dried, raw",0.954545454545455,106
"203",111,"MACARONI, SPAGHETTI","pasta, macaroni, wheat, dried, raw",0.0454545454545455,106
"204",204,"YAMS/COCOYAMS","yams, raw",0.333333333333333,99
"205",204,"YAMS/COCOYAMS","cocoyam, white, fresh, raw",0.333333333333333,99
"206",204,"YAMS/COCOYAMS","yam, chinese yam, ""ichoimo"", tuberous root, raw",0.333333333333333,99
"207",104,"MAIZE (GRAIN)","maize, grain, white, dried, raw",0.970059880239521,97
"208",104,"MAIZE (GRAIN)","maize, grain, yellow, dried, raw",0.029940119760479,97
"209",107,"MILLET AND SORGHUM (FLOUR)","sorghum, red, flour raw",0.294594594594595,89
"210",107,"MILLET AND SORGHUM (FLOUR)",NA,0.294594594594595,89
"211",107,"MILLET AND SORGHUM (FLOUR)","millet, pearl, flour, raw",0.205405405405405,89
"212",107,"MILLET AND SORGHUM (FLOUR)","millet, finger, flour,raw",0.205405405405405,89
"213",303,"HONEY, SYRUPS, JAMS, MARMALADE, JELLIES, CANNED FRUITS","jam, mixed fruit",0.322834645669291,88
"214",303,"HONEY, SYRUPS, JAMS, MARMALADE, JELLIES, CANNED FRUITS","honey",0.251968503937008,88
"215",303,"HONEY, SYRUPS, JAMS, MARMALADE, JELLIES, CANNED FRUITS","syrup, sugar cane",0.236220472440945,88
"216",303,"HONEY, SYRUPS, JAMS, MARMALADE, JELLIES, CANNED FRUITS","pinneaple, canned",0.110236220472441,88
"217",303,"HONEY, SYRUPS, JAMS, MARMALADE, JELLIES, CANNED FRUITS","jam, mixed fruit",0.047244094488189,88
"218",303,"HONEY, SYRUPS, JAMS, MARMALADE, JELLIES, CANNED FRUITS","jam, mixed fruit",0.0236220472440945,88
"219",303,"HONEY, SYRUPS, JAMS, MARMALADE, JELLIES, CANNED FRUITS","jam, mixed fruit",0.0078740157480315,88
"220",801,"GOAT MEAT","goat, lean, fresh, raw",0.5,86
"221",801,"GOAT MEAT","goat, medium fat, fresh, raw",0.5,86
"222",603,"CANNED, DRIED AND WILD VEGETABLES","blackjack leaves, raw",0.125347374579494,84
"223",603,"CANNED, DRIED AND WILD VEGETABLES","spider plant, leaves, fresh, raw",0.125347374579494,84
"224",603,"CANNED, DRIED AND WILD VEGETABLES","taro leaves, fresh, raw",0.125347374579494,84
"225",603,"CANNED, DRIED AND WILD VEGETABLES","malabar spinach, leaves, fresh, raw",0.125347374579494,84
"226",603,"CANNED, DRIED AND WILD VEGETABLES","moringa, leaves, raw",0.125347374579494,84
"227",603,"CANNED, DRIED AND WILD VEGETABLES","black nightshade, leaves, fresh, raw",0.125347374579494,84
"228",603,"CANNED, DRIED AND WILD VEGETABLES","mushroom, dried, raw",0.020440251572327,84
"229",603,"CANNED, DRIED AND WILD VEGETABLES","baobab, leaves, dried, raw",0.020440251572327,84
"230",603,"CANNED, DRIED AND WILD VEGETABLES","bay, leaves, dried, raw",0.020440251572327,84
"231",603,"CANNED, DRIED AND WILD VEGETABLES","cowpea, leaves, dried, raw",0.020440251572327,84
"232",603,"CANNED, DRIED AND WILD VEGETABLES","false sesame, leaves, dried, raw",0.020440251572327,84
"233",603,"CANNED, DRIED AND WILD VEGETABLES","jute mallow, leaves, dried, raw",0.020440251572327,84
"234",603,"CANNED, DRIED AND WILD VEGETABLES","okra, fruit, dried, raw",0.020440251572327,84
"235",603,"CANNED, DRIED AND WILD VEGETABLES","onion, dried, raw",0.020440251572327,84
"236",603,"CANNED, DRIED AND WILD VEGETABLES","pumpkin, leaves, dried, raw",0.020440251572327,84
"237",603,"CANNED, DRIED AND WILD VEGETABLES","sicklepod, leaves, dried, raw",0.020440251572327,84
"238",603,"CANNED, DRIED AND WILD VEGETABLES","tamarind, leaves, dried, raw",0.020440251572327,84
"239",603,"CANNED, DRIED AND WILD VEGETABLES","thyme, dried, raw",0.020440251572327,84
"240",603,"CANNED, DRIED AND WILD VEGETABLES","canned mushrooms",0.00131636682755595,84
"241",603,"CANNED, DRIED AND WILD VEGETABLES","tomatoes, whole, tinned",0.00131636682755595,84
"242",803,"PORK INCLUDING SAUSAGES AND BACON","pig meat, without bones, fresh, raw",0.560885608856089,49
"243",803,"PORK INCLUDING SAUSAGES AND BACON","pig meat, without bones, fresh, raw",0.40590405904059,49
"244",803,"PORK INCLUDING SAUSAGES AND BACON","pork, sausage, raw",0.025830258302583,49
"245",803,"PORK INCLUDING SAUSAGES AND BACON","bacon rashers",0.00738007380073801,49
"246",1002,"BUTTER, MARGARINE, GHEE AND OTHER FAT PRODUCTS","ghee",0.280542986425339,41
"247",1002,"BUTTER, MARGARINE, GHEE AND OTHER FAT PRODUCTS","margarine",0.280542986425339,41
"248",1002,"BUTTER, MARGARINE, GHEE AND OTHER FAT PRODUCTS","shortening",0.208144796380091,41
"249",1002,"BUTTER, MARGARINE, GHEE AND OTHER FAT PRODUCTS",NA,0.180995475113122,41
"250",1002,"BUTTER, MARGARINE, GHEE AND OTHER FAT PRODUCTS","ghee",0.0497737556561086,41
"251",112,"OTHER CEREAL PRODUCTS","teff grain, dried, unrefined, raw",0.5,15
"252",112,"OTHER CEREAL PRODUCTS","amaranth, grain, dried, raw",0.5,15
"253",503,"CASHEW, ALMONDS AND OTHER NUTS","cashew nuts",0.64,12
"254",503,"CASHEW, ALMONDS AND OTHER NUTS","almond, raw",0.12,12
"255",503,"CASHEW, ALMONDS AND OTHER NUTS","macadamias",0.12,12
"256",503,"CASHEW, ALMONDS AND OTHER NUTS","pistachio, raw",0.12,12
"257",1102,"COFFEE AND COCOA","coffee, instant powder",0.46969696969697,11
"258",1102,"COFFEE AND COCOA","coffee beverages",0.242424242424242,11
"259",1102,"COFFEE AND COCOA","coffee, instant powder",0.196969696969697,11
"260",1102,"COFFEE AND COCOA","cocoa powder",0.0757575757575758,11
"261",1102,"COFFEE AND COCOA","cocoa powder",0.0151515151515152,11
"262",903,"CANNED MILK/MILK POWDER","milk, cow, full-fat, powder",0.783783783783784,10
"263",903,"CANNED MILK/MILK POWDER","milk, cow, canned, condensed, whole, sweetened",0.0810810810810811,10
"264",903,"CANNED MILK/MILK POWDER","milk, cow, canned, condensed, skimmed, sweetened",0.0810810810810811,10
"265",903,"CANNED MILK/MILK POWDER","infant formula, 3 months, fortified",0.027027027027027,10
"266",903,"CANNED MILK/MILK POWDER","infant formula, 6 months, fortified",0.027027027027027,10
"267",207,"OTHER STARCHES","taros, raw",1,6
"268",101,"RICE (PADDY)","rice, parboiled, local, raw",0.5,5
"269",101,"RICE (PADDY)","rice grain, brown, dried, raw",0.5,5
"270",101,"RICE (PADDY)","teff grain, dried, unrefined, raw",0.296340023612751,5
"271",101,"RICE (PADDY)","amaranth, grain, dried, raw",0.296340023612751,5
"272",101,"RICE (PADDY)","barley, pearl, grain, dried, raw",0.237308146399055,5
"273",101,"RICE (PADDY)","wheat grain, unrefined",0.170011806375443,5
"274",106,"MILLET AND SORGHUM (GRAIN)","sorghum grain, red, dried, raw",0.341269841269841,4
"275",106,"MILLET AND SORGHUM (GRAIN)","sorghum grain, white, dried, raw",0.341269841269841,4
"276",106,"MILLET AND SORGHUM (GRAIN)","pearl millet,  grain",0.158730158730159,4
"277",106,"MILLET AND SORGHUM (GRAIN)","finger millet,  grain",0.158730158730159,4
"278",504,"SEEDS AND PRODUCTS FROM NUTS/SEEDS (EXCL. COOKING OIL)","sunflower oil",0.423056722689076,2
"279",504,"SEEDS AND PRODUCTS FROM NUTS/SEEDS (EXCL. COOKING OIL)","sunflower seeds, dried",0.423056722689076,2
"280",504,"SEEDS AND PRODUCTS FROM NUTS/SEEDS (EXCL. COOKING OIL)","peanut butter",0.0912114845938375,2
"281",504,"SEEDS AND PRODUCTS FROM NUTS/SEEDS (EXCL. COOKING OIL)","sesame seeds",0.0313375350140056,2
"282",504,"SEEDS AND PRODUCTS FROM NUTS/SEEDS (EXCL. COOKING OIL)","sesame seed oil",0.0313375350140056,2
"283",806,"OTHER DOMESTIC/WILD MEAT PRODUCTS","duck, meat and skin, fresh, raw",0.436440677966102,1
"284",806,"OTHER DOMESTIC/WILD MEAT PRODUCTS","crocodile meat, fresh, raw",0.436440677966102,1
"285",806,"OTHER DOMESTIC/WILD MEAT PRODUCTS","springbok meat, fresh, raw",0.0635593220338983,1
"286",806,"OTHER DOMESTIC/WILD MEAT PRODUCTS","crocodile meat, fresh, raw",0.0635593220338983,1
"287",1105,"PREPARED TEA, COFFEE","tea beverages",0.21027397260274,1
"288",1105,"PREPARED TEA, COFFEE","tea leaves",0.21027397260274,1
"289",1105,"PREPARED TEA, COFFEE","tea, green, infusion",0.21027397260274,1
"290",1105,"PREPARED TEA, COFFEE","tea, herbal, infusion",0.21027397260274,1
"291",1105,"PREPARED TEA, COFFEE","tea with milk",0.0794520547945206,1
"292",1105,"PREPARED TEA, COFFEE","coffee beverages",0.0438356164383562,1
"293",1105,"PREPARED TEA, COFFEE","coffee, instant powder",0.0356164383561644,1
"294",805,"WILD BIRDS AND INSECTS","quail meat, fresh, raw",0.2,1
"295",805,"WILD BIRDS AND INSECTS","pigeon meat, fresh, raw",0.2,1
"296",805,"WILD BIRDS AND INSECTS","grasshopper, brown, fresh, raw",0.2,1
"297",805,"WILD BIRDS AND INSECTS","grasshopper, green, fresh, raw",0.2,1
"298",805,"WILD BIRDS AND INSECTS","termite, fresh, raw",0.2,1
"299",1003,"SALT",NA,NA,1089
"300",102,"RICE (HUSKED)",NA,NA,748
"301",1101,"TEA DRY",NA,NA,667
"302",201,"CASSAVA FRESH",NA,NA,383
"303",206,"COOKING BANANAS, PLANTAINS",NA,NA,368
"304",205,"IRISH POTATOES",NA,NA,344
"305",701,"RIPE BANANAS",NA,NA,293
"306",807,"EGGS",NA,NA,207
"307",704,"SUGARCANE",NA,NA,140
"308",103,"MAIZE (GREEN, COB)",NA,NA,103
"309",302,"SWEETS",NA,NA,62
"310",1107,"LOCAL BREWS",NA,NA,39
"311",1103,"OTHER RAW MATERIALS FOR DRINKS",NA,NA,35
"312",1106,"BOTTLED BEER",NA,NA,23
"313",1082,"WHEAT, BARLEY GRAIN AND OTHER CEREALS",NA,NA,5
"314",1108,"WINE AND SPIRITS",NA,NA,5
