"","food ID","protein (mg)","Fat (in g)","Fat, total saturated (g)","Total Carbohydrate by difference","food_description","Fibre, in grams","Phytic acid (mcg)","Vitamin A RAE (mcg)","A Vitamin A (mcg)","Vitamin D (mcg)","Vitamin E (mcg)","Calcium (mg)","Copper (Cu) mg","Manganese (MNmg)","Magnesium (Mg), mg","Food group descriptor","Potassium (K) (mg)","energy (kcal)","Sodium (Na) mg","Iron mcg","Zinc mg","Phosphorus (mg)"
"1","1","9200","11.8","2.1","71.5","Biscuit","2.7","180","0","0","0","1","119","0.2","0.7","27","Cereal and Cereal products","128","434","1302","1200","0.8","105"
"2","2","8800","3","0.6","51.9","Bread roll","2.8","30","0","0","0","0","120","0.2","0.5","27","Cereal and Cereal products","113","274","609","7800","0.9","105"
"3","3","8800","3","0.6","51.9","Bread, white","2.8","30","0","0","0","0","10","0.2","0.5","27","Cereal and Cereal products","113","274","609","500","0.9","105"
"4","6","4700","12.3","3.5","48.6","Cake","0.6","68","34","34","0","1","38","0","0.2","9","Cereal and Cereal products","75","320","182","400","0.4","68"
"5","7","5100","21.1","5.4","67.900000000000006","Cookie","0.5","116","27","0","0","3","21","0.1","0.3","12","Cereal and Cereal products","63","478","357","700","0.4","80"
"6","8","5100","21.1","5.4","67.900000000000006","Donut","0.5","116","27","0","0","3","21","0.1","0.3","12","Cereal and Cereal products","63","478","357","700","0.4","80"
"7","9","14000","1","0.5","78.099999999999994","Infant cereal, Cerelac","0.7","290","3","3","0","0","315","0.1","0.9","58","Cereal and Cereal products","482","387","130","500","1.9","338"
"8","33","10500","1","0.2","77.8","Macaroni or spaghetti","2.8","288","0","0","0","0","15","0.1","0","22","Cereal and Cereal products","109","371","2","1200","0.1","110"
"9","10","2700","1.2","0.2","25.4","Maize, cracked, cooked","2.4","264","0","0","0","0","2","0.1","0.2","42","Cereal and Cereal products","95","119","12","1200","0.6","80"
"10","11","8100","3.6","0.5","76.900000000000006","Maize, dried, raw","7.3","800","0","0","0","1","6","0.2","5","127","Cereal and Cereal products","287","362","35","3500","1.8","241"
"11","12","8100","3.6","0.5","76.900000000000006","Maize, flour, dry","7.3","800","0","0","0","1","6","0.2","0.5","127","Cereal and Cereal products","287","362","35","3500","1.8","241"
"12","13","7500","3","0.5","57.2","Maize, green, cooked","6.4","71","0","0","0","0","5","0.1","0.4","73","Cereal and Cereal products","568","246","39","1400","1.1000000000000001","235"
"13","14","1800","0.7","0.1","13.8","Maize, on the cob, immature","1.5","17","7","0","0","0","1","0","0.1","18","Cereal and Cereal products","137","59","9","300","0.3","57"
"14","15","8100","3.6","0.5","76.900000000000006","Maize, yellow, flour","7.3","800","11","0","0","0.4","6","0.2","0.5","127","Cereal and Cereal products","287","362","35","3500","1.8","241"
"15","16","11600","5","0.9","68.7","Millet, bulrush","24.7","870","20","0","0","0","42","1.1","1.2","137","Cereal and Cereal products","307","361","11","8000","3.1","296"
"16","17","6600","1.3","0.3","76.2","Millet, finger, grain or flour","13.4","520","5","0","0","0","275","0.5","5.5","27","Cereal and Cereal products","408","328","11","2700","1.2","283"
"17","34","16900","15.6","2.2","56.1","Mixed porridge flour (maize and oil)","7","1037.2","0.6","0","0","2.8","78","0.6","3.1","147.6","Cereal and Cereal products","63.1","414.4","18.2","5600","2.6","333.4"
"18","19","10100","7","1","62.1","Mixed porridge flour (no maize)","9","694","3.5","0","0","2.3","55","0.4","1.6","60.5","Cereal and Cereal products","263.5","332.2","8.2","3300","1.4","235.3"
"19","18","13800","10.199999999999999","1.5","63.5","Mixed porridge flour (with maize)","8.6","699","2.3","0","0","1.6","11.9","0.6","2.3","103.2","Cereal and Cereal products","513.1","382.2","15","4600","2","306.8"
"20","20","1000","0.4","0.1","9.1999999999999993","Porridge, fermented","0.9","96","0","0","0","0","1","0","0.1","15","Cereal and Cereal products","34","43","4","400","0.2","29"
"21","22","5900","1.4","0.4","80.099999999999994","Rice, flour, local","2.4","353","0","0","0","0","8","0.1","1.1","36","Cereal and Cereal products","81","366","0","600","1.1000000000000001","104"
"22","21","2600","7.4","1.1","24.6","Rice, fried and boiled","1.3","94","87","0","0","0","7","0.1","0.4","20","Cereal and Cereal products","242","174","9","600","0.4","50"
"23","23","6500","0.5","0.1","79.8","Rice, white, grain, raw","0.8","352","0","0","0","0","8","0.1","1.1","36","Cereal and Cereal products","81","358","0","600","1.1000000000000001","103"
"24","35","10300","1","0.2","76.3","Semolina","2.7","282","0","0","0","0","15","0.1","0.7","22","Cereal and Cereal products","107","364","2","1200","0.7","108"
"25","24","11300","3.3","0.5","74.599999999999994","Sorghum","9","439","6","0","0","1","15","0.3","0.9","34","Cereal and Cereal products","131","339","7","4100","0.8","222"
"26","26","11300","3.3","0.5","73.7","Sorghum, flour","12.7","618","7","0","0","1","25","0.5","0.8","171","Cereal and Cereal products","131","339","7","4100","1.6","222"
"27","27","13400","2","0.3","79.2","Vermicelli, uncooked","4.8","227","0","0","0","0","20","0.3","0.8","50","Cereal and Cereal products","87","395","3","1400","1.4","151"
"28","29","13700","1.9","0.3","72.599999999999994","Wheat, flour, whole grain","12.2","282","0","0","0","0","15","0.1","0.7","22","Cereal and Cereal products","107","339","2","1200","0.7","108"
"29","28","7200","7.7","1.1","53.4","Wheat,dough, deep fried","1.9","197","0","0","0","0","11","0.1","0.5","15","Cereal and Cereal products","75","317","1","800","0.5","76"
"30","30","10300","1","0.2","76.3","Wheat, flour, 0.72 extract","2.7","282","0","0","0","0","15","0.1","0.7","22","Cereal and Cereal products","107","364","2","1200","0.7","108"
"31","31","12300","1.5","0.3","74.099999999999994","Wheat, flour, maida","8.4","620","0","0","0","1","26","0.3","2.6","92","Cereal and Cereal products","286","349","4","2800","2","251"
"32","534","4600","21.3","12.9","42.4","Cake (home made)","0.7","67.7","208.3","208.3","0.6","0.8","12.8","0","0.2","7","Cereal-based local dishes","46.7","375.6","72.4","500","0.3","63.6"
"33","513","5200","3.5","2.7","38.200000000000003","Chapati, dry, Indian","1.3","141","0","0","0","0","8","0.1","0.3","11","Cereal-based local dishes","53.5","207.9","1","600","0.4","54"
"34","512","5900","19.5","16.5","43.9","Chapati with oil","1.6","162.2","0","0","0","0.2","9.9","0.9","0.4","16.6","Cereal-based local dishes","70.6","372.6","1.3","700","0.4","71.3"
"35","532","5200","10.5","8.7","50.6","Donut-African","1.4","141","0","0","0","0.2","7.6","0.1","0.3","11","Cereal-based local dishes","53.8","316.6","1.1","600","0.4","54.3"
"36","525","3600","7","5.5","21.4","Maize and kidney bean dish","2.8","311.2","0","0","0","0.1","7.5","0.1","0.3","38.7","Cereal-based local dishes","166.1","156.5","74.9","1500","0.7","88.3"
"37","523","3000","0.9","0","24.7","Maize and sorgum ugali (stiff porridge)","4.3","197.8","2.1","0","0","0.3","29.3","0.2","0.7","45","Cereal-based local dishes","66.7","110.3","2.6","1300","0.5","79"
"38","531","1100","0.8","0.1","23.1","Maize porirdge with margarine and sugar","1","104.3","0","0","0","0.1","0.9","0","0.1","16.6","Cereal-based local dishes","37.6","100.2","4.6","400","0.2","31.6"
"39","505","800","0.4","0.1","7.7","Maize porridge without sugar and milk","0.7","80","0","0","0","0","3.5","0","0.1","12.7","Cereal-based local dishes","28.7","36.2","3.5","400","0.2","24.1"
"40","506","800","0.4","0.1","22.7","Maize porridge with sugar","0.7","80","0","0","0","0","3.7","0","0.1","12.7","Cereal-based local dishes","29","94","3.7","400","0.2","24.4"
"41","502","4400","3.6","1.3","14.4","Maize porridge with sugar and egg","0.7","80","53.5","53.5","0.2","0.6","43.2","0","0.1","18.2","Cereal-based local dishes","98.8","106.6","55.9","700","0.6","99.9"
"42","507","1200","1","0.5","30","Maize porridge with sugar and milk","0.3","0","55","55","0","0","61.2","0","0.1","18.2","Cereal-based local dishes","99","129.8","31.2","400","0.4","70.4"
"43","519","2700","1.2","0.2","25.6","Maize ugali (stiff porridge)","2.4","273","0","0","0","0.3","2","0.1","0.2","43.4","Cereal-based local dishes","98.1","123.8","11.9","1200","0.6","81.2"
"44","508","700","0.1","0.3","22.6","Millet prridge with sugar","1.3","61","0","0","0","0","27.7","0.1","0.6","2.7","Cereal-based local dishes","41.1","91","1.3","300","0.1","28.6"
"45","509","2200","6.7","1.4","16.399999999999999","Mix flour porridge with sugar","1.9","157.7","0.5","0","0","0.8","32.5","0.1","0.6","12.9","Cereal-based local dishes","80.2","130.3","2","500","0.3","52.4"
"46","514","7000","12.1","9.2","383","Pancake","1.4","188","38","38","0.2","0.6","20.2","0.1","0.4","16.7","Cereal-based local dishes","96.6","291.4","155.2","1000","0.7","106.4"
"47","543","9900","10","5.3","19.5","Rice biriyani","0.7","69","16.6","12.9","0","0.1","22.9","0.1","0.3","19.2","Cereal-based local dishes","179.6","208.3","346.3","700","0.8","92.9"
"48","516","2600","0.6","0.2","34.799999999999997","Rice boiled without Oil","1","166","0","0","0","0","3.6","0.1","0.5","16.2","Cereal-based local dishes","36.5","159.1","0","200","0.5","46.9"
"49","517","2900","3","2.4","39.200000000000003","Rice boiled with Oil","1.2","179.9","0","0","0","0","4.1","0.1","0.5","18.6","Cereal-based local dishes","41.7","199.1","0","300","0.5","47.8"
"50","530","2200","7.5","6.3","41.1","Rice bread","1","134.7","0","0","0","0.1","3.4","0.1","0.5","13.7","Cereal-based local dishes","44.3","239.1","1.1","300","0.5","40.8"
"51","524","4700","11.1","8.9","73.7","Rice bun","1.9","282.4","0","0","0","0.2","6.5","0.1","0.8","28.8","Cereal-based local dishes","65","416.2","1","500","0.9","83.3"
"52","515","7100","5.6","3.1","23.6","Rice and meat pillau","0.9","95.9","14.2","0","0","0","6.3","0.1","0.3","16.8","Cereal-based local dishes","128.8","177","98.9","600","1.2","76.9"
"53","544","5000","11.4","10","36.200000000000003","Rice and mung dish with coconut milk","4.7","304.1","0.4","0","0","0.1","12.7","0.2","1","34.3","Cereal-based local dishes","206.9","262.8","136.7","1600","1","106.3"
"54","545","3300","0.2","0.1","26.7","Rice and mung dish without coconut milk","1.5","168.1","0.4","0","0","0","6.9","0.1","0.4","20.3","Cereal-based local dishes","75.6","124.1","111.4","600","0.6","58.9"
"55","533","2000","8.1999999999999993","7.1","18.5","Rice poridge with coconut without sugar","1.2","182","0","0","0","0.3","6.3","0.2","0.7","18.2","Cereal-based local dishes","135.5","152.9","6.7","900","0.6","59.3"
"56","528","600","0.1","0","23","Rice porridge with sugar","0.2","35.3","0","0","0","0","1","0","0.1","3.6","Cereal-based local dishes","8.4","94.6","0.2","100","0.1","10.7"
"57","521","2700","0.2","0.1","32.799999999999997","Rice ugali (stiff porridge)","0.3","144.7","0","0","0","0","3.3","0","0.4","14.8","Cereal-based local dishes","33.2","149","0","200","0.5","42.6"
"58","518","2900","1.5","1.2","35.5","Rice with coconut milk","0.7","166","0","0","0","0.1","8.7","0.2","1","29.4","Cereal-based local dishes","152","170","6","1000","0.9","91.1"
"59","540","8500","14.7","8.2","30.7","Rice with ground meat","1.7","252.7","194.2","0","0","0.8","13.6","0.2","0.6","30.3","Cereal-based local dishes","162.8","288.4","294","900","1.4","101.6"
"60","522","3400","0.9","0.1","24.7","Sorgum and millet ugali (stiff porridge)","4.3","197.8","2.1","0","0","0.3","29.3","0.2","0.7","45","Cereal-based local dishes","66.7","112.1","2.6","1300","0.5","79"
"61","511","1000","0.3","0.1","22","Sorgum porridge with sugar","1.3","44","1","0","0","0","2.7","0.1","0.1","17.1","Cereal-based local dishes","13.4","91","0.9","400","0.2","22.5"
"62","527","6700","2.2999999999999998","1.3","39.6","Vermicelli - cooked","2.4","114","0","0","0","0","10.1","0.1","0.4","25","Cereal-based local dishes","43.5","209","87.6","700","0.7","75.5"
"63","535","7000","3.6","2.5","41.5","Vermicelli with coconut milk and sugar","2.6","142.3","0","0","0","0.1","11.3","0.2","0.5","27.8","Cereal-based local dishes","75.2","227.6","3.3","900","0.8","85.6"
"64","536","6700","3.7","2.5","41.6","Vermicell with oil and sugar","2.4","114","0","0","0","0","10","0.1","0.4","25","Cereal-based local dishes","43.5","228.2","1.5","700","0.7","75.5"
"65","537","7700","6.2","4.8","43.3","Vermicelli with coconut milk and salt","2.9","179","0","0","0","0.2","13.4","0.2","0.7","32.4","Cereal-based local dishes","109.7","260.4","177.3","1200","0.9","100.6"
"66","529","1900","14.2","2","46.7","Wheat fritter, sweet","0.5","51","0","0","0","1","3","0","0.1","4","Cereal-based local dishes","20","318","0","200","0.1","20"
"67","542","1400","0.2","0","22.2","Wheat porridge","1.2","28.2","0","0","0","0","1.6","0","0.1","2.2","Cereal-based local dishes","10.9","91.9","0.3","100","0.1","11"
"68","352","800","0.2","0.1","31.2","Banana, cooked","2.3","0","116","0.8","0","0","2","0.1","0.2","32","Roots, Tubers and Banana","465","116","5","600","0.1","28"
"69","365","1100","0.2","0","27.1","Breadfruit, raw","4.9","0","107","1.7","0","0","17","0.1","0.1","25","Roots, Tubers and Banana","490","103","2","500","0.1","30"
"70","362","2600","0.7","0.2","76.599999999999994","Cassava, dried","3.6","130","314","2.6","0","0","46","0.1","0.3","24","Roots, Tubers and Banana","583","314","5","1900","0.7","168"
"71","359","2600","0.7","0.2","76.599999999999994","Cassava, dried, flour","3.6","130","314","2.6","0","0","46","0.1","0.3","24","Roots, Tubers and Banana","583","314","5","1900","0.7","168"
"72","358","1400","0.3","0.1","38.1","Cassava, raw","1.8","54","131","0","1.1","0","16","0.1","0.1","21","Roots, Tubers and Banana","271","160","14","300","0.3","27"
"73","364","2400","0.7","0.2","70.2","Cassava, spicy crisps or chips","3.3","119","288","2.4","0","0","42","0.1","0.2","22","Roots, Tubers and Banana","535","288","4","1800","0.7","154"
"74","367","300","0.1","0","91.3","Edible starch, tapioca or corn","0.9","0","1","9","10","36","2","0.1","0.1","3","Roots, Tubers and Banana","3","381","9","500","0.1","13"
"75","354","6600","37.5","11","49.7","Potato, crisps, plain, salted","4.4","147","245","574","642","951","19","0.1","0.2","34","Roots, Tubers and Banana","732","547","216","800","0.4","93"
"76","353","2000","0.1","0","21.6","Potato, English, cooked","1.5","81","93","2","0","0","5","0.2","0.2","25","Roots, Tubers and Banana","391","93","5","400","0.3","50"
"77","355","2600","0.1","0","12.4","Potato, raw, with skin","2.5","147","30","71","80","118","30","0.4","0.6","23","Roots, Tubers and Banana","413","58","10","3200","0.4","38"
"78","357","700","0.2","0.1","3.4","Squash, fresh-AP","1.1","0","6","18","26","42","22","0.1","0.2","19","Roots, Tubers and Banana","154","16","1","300","0.3","31"
"79","366","900","0.3","0.1","4.3","Squash, fresh-EP","1.4","0","8","22","33","53","27","0.1","0.2","24","Roots, Tubers and Banana","192","20","1","400","0.4","39"
"80","360","1200","0.1","0","17.5","Sweet potato, fresh-AP","2.2","7","74","1.2","0","0","20","0.2","4","14","Roots, Tubers and Banana","251","74","7","400","0.2","40"
"81","361","1700","0.1","0","24.3","Sweet potato, fresh-EP","3","10","103","1.7","0","0","28","0.2","0.6","20","Roots, Tubers and Banana","348","103","10","500","0.3","55"
"82","369","1700","0.1","0","24.3","Sweet potato, orange","3","10","21","86","86","126","28","0.21","0.56","20","Roots, Tubers and Banana","348","103","10","500","0.3","55"
"83","356","1500","0.2","0","26.5","Taro, raw","4.1","78","23","69","54","111","43","0.2","0.4","33","Roots, Tubers and Banana","591","112","11","100","0.2","84"
"84","368","2100","0.1","0","22.9","Yam, raw","1.2","50","12","52","50","94","8","0.17","0.24","26","Roots, Tubers and Banana","303","97","3","800","0.5","39"
"85","974","600","3.2","2.7","21.3","Banana porridge, plain","1.6","0.3","65.6","0","0","0","2.2","0.1","0.1","22.2","Roots, Tubers and Banana-based local dishes","326.1","105.3","68.5","400","0.1","20.8"
"86","975","7000","16","98.9","29.5","Banana porridge with meat","98.1","190.6","104.7","44..0","0","0.1","6.1","0.1","0.2","30.7","Roots, Tubers and Banana-based local dishes","455.1","280.5","50","1000","1","74.4"
"87","976","2500","5.9","4.9","15.8","Banana porridge with fish","2.1","5.4","1125.6","0","0","0.1","10.6","0.2","0.5","41.5","Roots, Tubers and Banana-based local dishes","588.1","118.7","123.7","1500","1.3","96.6"
"88","977","8600","13.3","8.5","16.5","Banana porridge with meat and spinach","1.6","0.3","220.7","0","0","0.2","20.5","0.1","0.2","34.6","Roots, Tubers and Banana-based local dishes","405.5","212","127.1","1300","1.4","82.8"
"89","954","2000","2.8","0.3","22.2","Banana with cashewnut","2.1","1.8","30","0","0","0.1","15.1","0.1","0.2","36.7","Roots, Tubers and Banana-based local dishes","355.6","108","4.1","600","0.2","45.9"
"90","955","1500","10.7","9.4","26.1","Banana with coconut milk","4.4","14.6","84.3","0","0","0","6.7","0","0.1","34.3","Roots, Tubers and Banana-based local dishes","149.9","191.2","2.3","200","0.1","62.7"
"91","968","3000","1.2","0.9","19.5","Banana with kidney beans","3.2","64.9","69.8","0","0","0.6","15.1","0.1","0.2","27.2","Roots, Tubers and Banana-based local dishes","324.2","93.4","434.7","1100","0.4","55.7"
"92","953","2700","3.6","2.3","9.4","Banana with meat","0.7","0","86","0","0","0","1.6","0","0.1","11.4","Roots, Tubers and Banana-based local dishes","168.9","77.4","118.8","300","0.3","226"
"93","952","1500","2.4","1.8","2.9","Banana with meat and coconut milk","2.5","0","91","0","0","0.1","3","0.1","0.2","31","Roots, Tubers and Banana-based local dishes","449.8","130.3","7","700","0.2","36.1"
"94","973","4000","8","5.9","9.8000000000000007","Banana with meat, oil and vegetable","1.7","0","91","0","0","0","2.5","0.1","0.1","25.3","Roots, Tubers and Banana-based local dishes","374.6","121.8","4.7","500","0.1","24.2"
"95","951","700","2.7","2.3","24","Banana with oil (no meat )","1.9","129.1","62.7","0","0","1.2","3.8","0.1","0.2","15.7","Roots, Tubers and Banana-based local dishes","216.7","112","104.4","700","0.7","48.6"
"96","969","700","0.2","0.1","29.6","Banana, boiled","2.2","121.8","62.5","0","0","0.4","2","0.1","0.2","32","Roots, Tubers and Banana-based local dishes","465","110","5","600","0.1","28"
"97","964","800","5.2","4.4","31.2","Banana, fried","2.3","0","91","0","0","0.1","2","0.1","0.2","32","Roots, Tubers and Banana-based local dishes","465","159.1","5","600","0.1","28"
"98","971","0","0","31.2","0.2","Banana, roast","0","40.4","27.3","0","0","0.2","2","0.1","0.2","32","Roots, Tubers and Banana-based local dishes","465","116","5","600","0.1","28"
"99","541","400","0.1","0","21.5","Cassava porridge with sugar","0.5","85.6","4.3","0","0","0.2","7","0","0","3.6","Roots, Tubers and Banana-based local dishes","87.7","85.8","0.9","300","0.1","25.4"
"100","526","2700","1.2","0.2","30.7","Cassava stiff porridge","2.6","253","1.4","0","0","0.3","6.4","0.1","0.2","40.5","Roots, Tubers and Banana-based local dishes","144.4","140","11","1200","0.6","89.1"
"101","956","1900","11.9","10.3","12.9","Cassava with coconut milk","5.5","151.1","4.3","0","0","0","18.2","0.2","0.6","18.8","Roots, Tubers and Banana-based local dishes","297.2","216.3","8.4","1400","0.6","89.3"
"102","965","1100","0.3","0.1","31.9","Cassava, boiled","1.5","54","6","0","0","0","19","0.1","0.1","10","Roots, Tubers and Banana-based local dishes","243","131","2","800","0.3","70"
"103","957","1100","25.2","21.6","10.5","Cassava, fried","3.3","54","6","0","0","0.3","19","0.1","0.1","10","Roots, Tubers and Banana-based local dishes","243","346.5","2","800","0.3","70"
"104","978","6100","11.4","8.8","28.8","Kachori (spicy potato balls)","3.4","248.4","0.4","0","0","0.3","39.7","0.4","0.8","50.4","Roots, Tubers and Banana-based local dishes","492.7","237.6","86","2200","1.2","148.8"
"105","960","1700","20.100000000000001","17.3","18","Potato chips, fried","1.2","67.5","0","0","0","0.2","4.2","0.2","0.2","20.8","Roots, Tubers and Banana-based local dishes","325.8","249","4.2","300","0.2","41.7"
"106","959","2800","5.8","4.9","17.100000000000001","Potato relish with beef","2.1","17.5","50.4","0","0","0.3","15","0.3","0.3","35","Roots, Tubers and Banana-based local dishes","574","128.8","11","800","0.4","75"
"107","972","4700","28","24.7","34.200000000000003","Potato relish with coconut milk","9","81","0","0","0","0","16.7","0.6","1.4","51.7","Roots, Tubers and Banana-based local dishes","687.7","388","21.7","2400","1.2","144"
"108","958","1300","1.7","0","14.2","Potato relish with oil","1","391.5","0","0","0","1","3.5","0.1","0.1","16.8","Roots, Tubers and Banana-based local dishes","266.5","75","3.8","200","0.2","3.4"
"109","961","2000","0.1","0","21.6","Potato, boiled","1.5","52.6","5.6","0","0","0","5","0.2","0.2","25","Roots, Tubers and Banana-based local dishes","391","93","5","400","0.3","50"
"110","963","800","0.2","0.1","23.2","Roots and tubers mixed","1.7","93.8","4.5","0","0","0.1","13.1","0","0.1","10","Roots, Tubers and Banana-based local dishes","202.8","93.5","4","400","0.2","27.6"
"111","967","2100","0.1","0","22.9","Sweet potato, boiled","1.2","50","0","0","0","5","8","0.2","0.2","26","Roots, Tubers and Banana-based local dishes","303","97","3","800","0.5","39"
"112","966","1700","5.0999999999999996","4.3","24.3","Sweet potato, fried","3","10","1467","0","0","5.1","28","0.2","0.6","20","Roots, Tubers and Banana-based local dishes","348","146.1","10","500","0.3","55"
"113","970","500","0.1","0","34.6","Taro, cooked, without salt","5.1","78","4","0","0","2.4","18","0.2","0.4","30","Roots, Tubers and Banana-based local dishes","484","142","15","700","0.3","76"
"114","179","21200","50.6","3.9","19.7","Almonds","11.8","2580","0","0","0","24","248","1.1","2.5","275","Pulses, Nuts and Seeds","7.3","578","1","4300","3.4","4.7"
"115","151","12400","6.4","0.7","11.1","Bambara groundnut, fresh","4.2","270","16","0","0","2","145","0.1","0.5","60","Pulses, Nuts and Seeds","539","141","14","2500","0.9","158"
"116","154","11400","0.7","0.1","29.9","Bean, kidney, green, cooked","8.4","808","0","0","0","0","37","0.3","0.6","59","Pulses, Nuts and Seeds","528","166","3","3800","1.4","186"
"117","155","7700","0.5","0.1","20.8","Bean, mung, dry","6.5","358","2","0","0","0","24","0.3","0.5","53","Pulses, Nuts and Seeds","278","116","4","2500","1.3","156"
"118","156","20300","1.3","0.3","54.9","Bean, mung, raw","17.2","945","5","0","0","0","63","0.7","1.3","140","Pulses, Nuts and Seeds","734","306","11","6600","3.4","412"
"119","153","8700","0.5","0.1","22.8","Beans, kidney, mature, boiled without salt","6.4","617","0","0","0","0","28","0.2","0.5","45","Pulses, Nuts and Seeds","403","127","2","2900","1.1000000000000001","142"
"120","170","23600","0.8","0.1","60","Beans, kidney, mature seeds, raw","24.9","1586","0","0","0","0.2","72","0.6","1.2","116","Pulses, Nuts and Seeds","1036","333","5","7500","2.8","365"
"121","157","20000","52.2","4.9","20.399999999999999","Cashewnut","10.9","2580","0","0","0","24","266","0.9","2.3","296","Pulses, Nuts and Seeds","732","589","11","3700","2.9","520"
"122","158","8900","2.6","0.3","27.4","Chickpea","7.5","293","3","0","0","0","49","0.4","1","48","Pulses, Nuts and Seeds","291","164","7","2900","1.5","168"
"123","159","22400","6.7","0.7","57.8","Chickpea flour (besan)","10.8","938","2","0","0","0.8","157","1.1","3.3","154","Pulses, Nuts and Seeds","931","387","22","9300","4.8","538"
"124","162","7700","0.5","0.1","20.8","Cowpea, green, uncooked","6.5","358","1","0","0","0.3","24","0.3","0.5","53","Pulses, Nuts and Seeds","278","116","4","2500","1.3","156"
"125","163","23500","1.3","0.3","60","Cowpea, uncooked","10.6","945","5","0","0","0","63","0.7","1.3","140","Pulses, Nuts and Seeds","734","336","11","6600","3.4","412"
"126","173","20300","1.3","0.3","54.9","Hyancinth beans (dried)","17.2","945","5","0","0","0","50","0.7","1.3","140","Pulses, Nuts and Seeds","734","306","11","6600","3.4","412"
"127","174","2100","0.2","0.1","9.1999999999999993","Hyacinth-beans, immature, raw","7.8","20","7","0","0","0","50","0","0.2","40","Pulses, Nuts and Seeds","252","46","2","700","0.4","49"
"128","176","3000","0.3","0.1","9.1999999999999993","Hyacinth-beans, immature, boiled without salt","3.9","20","5","0","0","0","41","0","0.2","42","Pulses, Nuts and Seeds","262","50","2","800","0.4","49"
"129","177","9000","0.4","0.1","20.100000000000001","Lentil, cooked","7.9","358","3","0","0","0","51","0.67","1.31","96","Pulses, Nuts and Seeds","989","116","5","8800","3.5","482"
"130","180","24100","1.1000000000000001","0.3","53.9","Lentil, whole","21.2","959","0","0","0","5","8","0.17","0.24","26","Pulses, Nuts and Seeds","303","311","3","800","0.5","39"
"131","175","600","20.2","16.3","6.7","Palm seed","1.7","8","1002","0","0","0","3","0.1","0.2","12","Pulses, Nuts and Seeds","61","203","0","200","0.1","14"
"132","164","25800","49.2","6.8","16.100000000000001","Groundnuts","8.5","1760","0","0","0","9","92","1.1","1.9","168","Pulses, Nuts and Seeds","705","567","18","4600","3.3","376"
"133","178","25900","34","7.4","35.700000000000003","Peanut butter, smooth","5.2","1600","0","0","0","6.7","35","0.6","0.1","170","Pulses, Nuts and Seeds","669","520","540","1900","2.8","369"
"134","165","6700","0.4","0.1","19.7","Pigeon peas, cooked","5.4","398","2","0","0","0","36","0.3","0.4","43","Pulses, Nuts and Seeds","268","121","5","1500","1","125"
"135","166","9500","0.4","0","27.5","Pigeon peas, green","9.7","49","106","0","0","0","48","0.3","0.9","69","Pulses, Nuts and Seeds","477","148","5","2600","2.1","206"
"136","171","21700","1.5","0.3","62.8","Pigeon peas, raw","15","1154","1","0","0","0","104","0.8","1.2","125","Pulses, Nuts and Seeds","777","343","15","4400","2.9","363"
"137","172","19500","40.6","5.7","7","Pumpkin seed","7.5","3818","5","0","0","1","97","1.1","1.1","257","Pulses, Nuts and Seeds","301","435","30","5800","7.6","574"
"138","167","17700","49.7","7","23.5","Sesame seed","16.9","4710","1","0","0","2","975","4.1","2.5","351","Pulses, Nuts and Seeds","468","573","11","14600","7.8","629"
"139","168","36500","20","3","30.3","Soybean, yellow","9.3","1473","3","0","0","3","278","1.7","2.5","280","Pulses, Nuts and Seeds","1798","415","3","15800","5","705"
"140","169","26400","54.8","7.7","9.4","Sunflower seed","10.1","5160","7","0","0","2","131","1.5","1.4","347","Pulses, Nuts and Seeds","407","588","40","7800","10.3","776"
"141","663","4200","10.199999999999999","7.5","6.7","Bambara nut relish with coconut milk","2.9","130.1","20.9","0","0","0.8","44.2","0.1","0.4","24.3","Pulses, Nuts and Seeds-based local dishes","254.3","127","116.6","1200","0.5","68"
"142","32","19200","5.6","0.68","59.7","Bhajia (chickpea flour fritters)","16.3","628","34.4","0","0","0.1","107.6","0.7","2.2","104.6","Pulses, Nuts and Seeds-based local dishes","649","356","15.2","6300","3.2","363.8"
"143","664","4000","8.9","7.2","13.7","Chick pea relish with coconut milk","4.9","181.8","1.1","0","0","0.2","21.6","0.2","0.7","25.1","Pulses, Nuts and Seeds-based local dishes","193.7","144.2","99.6","1600","0.8","88"
"144","653","500","5.85","5","2.2000000000000002","Cow pea (dry) relish without oil","0.9","358","2","0","0","0","24","0.3","0.5","53","Pulses, Nuts and Seeds-based local dishes","278","59.5","4","2500","1.3","156"
"145","654","7300","6.3","5.2","18.899999999999999","Cow pea (dry) relish with oil","3.5","264.3","27.2","0","0","0","20.1","0","0.1","275.3","Pulses, Nuts and Seeds-based local dishes","364.4","154.7","2","0","0.2","122.7"
"146","651","4600","0.4","0.1","13","Cow pea (fresh) relish without oil","4","208.8","18.6","0","0","0","14.9","0.2","0.3","32.9","Pulses, Nuts and Seeds-based local dishes","205.6","71.5","4.1","1600","0.8","95.3"
"147","652","7400","1.8","1.3","19.7","Cow pea relish with coconut milk","3.5","335.3","1.5","0","0","0.2","22","0.3","0.6","47.5","Pulses, Nuts and Seeds-based local dishes","283.1","120.4","53.1","2400","1.2","143"
"148","657","6400","2.9","2.2","17.100000000000001","Kidney bean relish without oil","4.8","352","11.9","0","0","0.3","18.7","0.1","0.3","28.7","Pulses, Nuts and Seeds-based local dishes","261.2","117.2","1.4","1800","0.7","90.8"
"149","656","4900","6.9","5.8","13.3","Kidney bean relish with oil","3.6","385.6","0","0","0","0.1","20.9","0.2","0.3","33.4","Pulses, Nuts and Seeds-based local dishes","314.2","130.6","2.2","2100","0.8","104.2"
"150","655","2800","4.8","4.2","8.1","Kidney bean relish with coconut milk","2.2","184.9","14.9","0","0","0.2","14.5","0.7","1.1","23.5","Pulses, Nuts and Seeds-based local dishes","275.5","83.2","117.2","2100","1.1000000000000001","71.8"
"151","662","2400","5.3","4.6","8.6999999999999993","Mung bean (dry) relish with cocount milk","2.9","119.4","10.4","0","0","0.2","10","0.1","0.2","19.5","Pulses, Nuts and Seeds-based local dishes","107.9","87.2","278.2","900","0.5","57.5"
"152","658","2800","0.2","0","8","Mung bean (dry, boiled)","2.4","108.7","0.6","0","0","0","6","0.1","0.1","13","Pulses, Nuts and Seeds-based local dishes","70","43.7","1","600","0.3","39"
"153","659","6100","5.0999999999999996","4.2","16.100000000000001","Pigeon pea (fresh, cooked)","4.4","318.4","1.6","0","0","0","29.7","0.2","0.3","34.8","Pulses, Nuts and Seeds-based local dishes","220.4","131","81.6","1200","0.8","101.3"
"154","660","3400","7.2","6.3","10.4","Pigeon pea relish with coconut milk","3.8","211.3","0.7","0","0","0.2","16.1","0.2","0.5","22.3","Pulses, Nuts and Seeds-based local dishes","172.7","114","6","1000","0.6","69.1"
"155","661","13800","5.8","4.5","36.299999999999997","Pigeon pea relish with oil","9.9","721","3.8","0","0","0.1","66.3","0.5","0.8","78.8","Pulses, Nuts and Seeds-based local dishes","494.9","245","9.6","2800","1.8","228.9"
"156","205","20400","3.6","1.2","3.9","Beef liver, raw","0","0","4968","4968","1","0.4","5","0.8","0.3","18","Meat, poultry and fish","313","135","69","4900","4","387"
"157","204","16900","21.6","10.4","0","Beef, boneless","0","0","0","0","0","0","3","0.1","0","15","Meat, poultry and fish","230","267","36","1100","2.7","132"
"158","201","29100","5.3","1.7","5.0999999999999996","Beef, liver, cooked","0","0","20357","20357","1","0","6","14.6","0.4","23","Meat, poultry and fish","351","191","77","6200","5.2","485"
"159","202","24900","24","11.4","0","Beef, medium fat, cooked","0","0","0","0","0","0","4","0.1","0","23","Meat, poultry and fish","340","323","53","1700","4.0999999999999996","194"
"160","203","14500","2.4","0.9","0","Beef, tripe","0","0","0","0","0","0","3","0.1","0","14","Meat, poultry and fish","198","83","31","1000","2.4","113"
"161","206","24500","6.5","2.1","0.9","Chicken liver","0","0","3981","3981","0","0.8","14","0.4","0.3","21","Meat, poultry and fish","140","167","51","8500","4.3","312"
"162","208","18800","13.2","3.6","0","Chicken, raw","0","0","27","27","0","0","9","0.1","0","14","Meat, poultry and fish","127","200","51","1000","1.3","126"
"163","306","19200","20.7","5.6","2.2999999999999998","Egg yolk","0","0","810","810","8","2","96","0.1","0.1","26","Meat, poultry and fish","333","278","219","5900","2.1","330"
"164","307","12600","10.6","3.3","1.1000000000000001","Egg, chicken","0","0","169","169","1","1","50","0","0","10","Meat, poultry and fish","126","155","124","1200","1.1000000000000001","172"
"165","308","79800","3.2","0.7","0","Fish, dried, cod","0","0","49","49","4","4","49","0.1","0.1","147","Meat, poultry and fish","854","368","273","1800","2.1","483"
"166","309","58600","9.4","2","0","Fish, dried, fresh water","0","0","0","0","2","0","1700","0.5","2.1","140","Meat, poultry and fish","953","335","312","2500","5.2","1300"
"167","220","18100","2.4","0.5","0","Fish, fresh","0","0","0","0","0","0","7","0","0","21","Meat, poultry and fish","122","98","39","300","0.3","69"
"168","310","10600","6.8","1.9","0","Fish, high fat","0","0","18","18","13","0","17","0.1","0","17","Meat, poultry and fish","192","103","88","500","0.3","125"
"169","311","21400","2.2999999999999998","0.3","0","Fish, raw","0","0","43","43","12","1","48","0","0","86","Meat, poultry and fish","461","112","55","900","0.4","228"
"170","312","21400","2.2999999999999998","0.3","0","Fish, sardines","0","0","43","43","12","1","48","0","0","86","Meat, poultry and fish","461","112","55","900","0.4","228"
"171","313","58600","9.4","2","0","Fish, small, dried, fresh water","0","0","0","0","2","0","1700","0.5","2.1","140","Meat, poultry and fish","953","335","312","2500","5.2","1300"
"172","314","14800","2.2999999999999998","0.6","0","Fish, small, fresh, fresh water","0","0","12","12","10","2","9","0","0","22","Meat, poultry and fish","335","84","40","300","0.5","243"
"173","319","38500","1.5","0.3","0","Fish, smoked, dried-AP","0","0","0","0","4","0","24","0.1","0","71","Meat, poultry and fish","412","177","132","800","1","233"
"174","320","66400","2.5","0.5","0","Fish, smoked, dried-EP","0","0","0","0","0","4","41","0.1","0","122","Meat, poultry and fish","710","306","227","1400","1.7","402"
"175","315","24900","18","8.4","0","Goat meat","0","0","0","0","0","0","4","0.1","0","23","Meat, poultry and fish","340","269","53","1700","4.0999999999999996","194"
"176","316","24900","18","8.4","0","Mutton, meat","0","0","0","0","0","0","4","0.1","0","23","Meat, poultry and fish","340","269","53","1700","4.0999999999999996","194"
"177","317","19600","50.2","19.3","0","Pork, medium fat, cooked","0","0","1","1","1","0","18","0.1","0","17","Meat, poultry and fish","251","537","44","800","2.1","165"
"178","318","19700","31.2","10.8","1","Sausage","0","0","1","1","1","0","32","0.1","0.1","17","Meat, poultry and fish","361","369","1294","1300","2.5","184"
"179","552","10200","10.199999999999999","5.1","2","Beef relish with coconut milk","0.2","14.1","5.2","0","0","0","1.9","0.1","0.1","12.5","Meat, poultry and fish-based local dishes","186.8","143","100.1","800","1.7","85.6"
"180","578","12600","11.9","5.6","2.2000000000000002","Beef relish without oil","0.4","1","13.9","0","0","0","5.8","0.1","0","14.6","Meat, poultry and fish-based local dishes","225.7","168.6","28","900","2.1","104.3"
"181","551","12400","17","10.1","1,9","Beef relish with oil","0.3","1","13.9","0","0","0.1","5.7","0.4","0.4","10.7","Meat, poultry and fish-based local dishes","170.8","210.7","19.8","600","1.4","75.5"
"182","577","25100","80","59.9","2.2000000000000002","Beef, fried","0.5","0","0.5","0","0","0.4","15.3","0.1","0.1","26.7","Meat, poultry and fish-based local dishes","396.7","813.2","828.6","1900","4.2","205"
"183","576","12800","21.1","13.5","1.9","Beef, ground, relish","0.4","2","29.6","0","0","0.1","4.6","0.1","0","15.6","Meat, poultry and fish-based local dishes","251.5","247.8","107.1","1000","2.1","106.4"
"184","574","26900","18.899999999999999","5.1","0","Chicken, boiled or roasted","0","0","39","39","0","0","13","0.1","0","20","Meat, poultry and fish-based local dishes","182","285","73","1400","1.8","180"
"185","554","18500","12.8","3.5","2.1","Chicken relish without oil","0.4","0.9","50.1","37.6","0","0","13.9","0.1","0.1","19.6","Meat, poultry and fish-based local dishes","204.2","202.3","63","1200","1.5","158.5"
"186","573","6100","11.8","8","2.2999999999999998","Chicken relish with coconut milk","0.6","29.9","94.6","0","0","0.2","6.9","0.1","0.2","10.8","Meat, poultry and fish-based local dishes","146.9","137.2","249.7","700","0.5","55.2"
"187","556","6200","13.3","9.5","13.3","Chicken relish with oil","2.1","3","53.2","9.8000000000000007","0","0.1","7.3","0.1","0.1","10.4","Meat, poultry and fish-based local dishes","155.6","188.9","20.5","500","0.5","54.2"
"188","207","18800","26.5","15.1","0","Chicken, fried","0","0","27","27","0","0.4","9.6","0.1","0","14","Meat, poultry and fish-based local dishes","127.1","314.9","567.3","1000","1.3","126"
"189","571","12600","10.6","3.3","1.1000000000000001","Egg boiled","0","0","133","133","0.7","1.4","50","0","0","10","Meat, poultry and fish-based local dishes","126","155","124","1200","1.1000000000000001","172"
"190","561","11800","21.6","13.2","1","Egg, fried","0","0","114","114","0.6","1.3","47.3","0","0","9.4","Meat, poultry and fish-based local dishes","117.7","245.2","632.1","1100","1","160.5"
"191","565","5400","6.6","5.1","1.4","Fish, fresh, stew","0.3","1.9","27.6","0","0","0.1","3.6","0","0","9.5","Meat, poultry and fish-based local dishes","105.3","85","14","300","0.1","27.4"
"192","566","8200","4.5","2.9","2.4","Fish relish without oil","0.9","1.5","24.4","2.6","2.2","0.5","59.9","0","0.1","15.7","Meat, poultry and fish-based local dishes","185.2","76.5","26.6","300","0.4","111.7"
"193","567","11700","9.3000000000000007","7.1","2.5","Fish relish with coconut milk","0.9","54.9","38.3","1.3","1.4","0.2","272.7","0.2","0.6","31.5","Meat, poultry and fish-based local dishes","273.2","138.4","58.8","900","1.1000000000000001","254.3"
"194","564","21200","17.899999999999999","13.2","2.2000000000000002","Fish relish with oil","0.5","1.6","24.3","0.9","1.3","0.3","500","0.2","0.7","46.3","Meat, poultry and fish-based local dishes","374.5","253.6","96.6","900","1.6","406.1"
"195","569","17800","17.8","13.7","0","Fish, fried","0","0","1.8","1.8","1.5","1.5","10.8","0","0","26.4","Meat, poultry and fish-based local dishes","402","230.1","48","400","0.6","291.6"
"196","563","6500","17.5","14.5","1.3","Fish, fried, relish","0.7","15.6","15.2","0.7","0.6","0.7","6.5","0","0.1","13.2","Meat, poultry and fish-based local dishes","203","183.5","19.4","400","0.3","113.2"
"197","579","13700","69.400000000000006","1.3","2.8","Liver relish","24.4","2.2","11421.5","11309.4","0.6","0.1","6.5","2.5","0.3","12.9","Meat, poultry and fish-based local dishes","156.4","103.5","43.1","3800","3.4","228.2"
"198","580","26500","4.7","1.5","5.2","Liver, fried","0","113","7744","7744","1","0.5","6","14.6","6.3","22","Meat, poultry and fish-based local dishes","351","175","77","6100","5.2","485"
"199","570","11600","11.8","3.5","30.5","Meat samosa","1.1","0","0","0","0","0","7","0.1","0.3","16","Meat, poultry and fish-based local dishes","145","280","17","1000","1.5","101"
"200","572","24000","26.7","10.6","0","Meat, barbecued","0","5.2","0","0","0","0","3","0.1","0","14","Meat, poultry and fish-based local dishes","214","343","33","1100","2.6","122"
"201","562","8000","26.6","19.7","1.7","Omelet, spanish","0.2","38.8","133.1","118.2","0.6","1.6","33.8","0","0","8.7","Meat, poultry and fish-based local dishes","120.1","274.7","423.2","800","0.7","113"
"202","575","5300","14.2","10.5","9.6999999999999993","Omelet, spanish with potato","0.8","234.2","186.3","66.5","0.4","1","22.1","0.1","0.1","15.1","Meat, poultry and fish-based local dishes","224.7","185.5","50.1","700","0.5","83.9"
"203","558","12000","14.6","16.9","9.4","Small dried fish relish with coconut milk","5.2","15.4","38.7","0","0.9","0.7","235.8","0.1","0.3","23.5","Meat, poultry and fish-based local dishes","187.8","258.4","42.4","500","0.7","182"
"204","560","7800","6.8","5.1","1.9","Small dried fish relish with okra","0.7","2.3","11.4","0","0.2","0.1","233.9","0.3","1","41.5","Meat, poultry and fish-based local dishes","382.3","98.7","58.9","1600","1.3","263.6"
"205","557","7700","6.9","5.1","2.2000000000000002","Small dried fish with tomatoes and oil","0.5","0.1","34.4","0","0.6","0.1","1139.1","0.3","1.4","100.5","Meat, poultry and fish-based local dishes","771.6","100.1","213","1900","3.5","884"
"206","559","58600","13.5","4.4","0","Small dried fish, fried","0","0","0","0","2","0.1","1700.4","0.5","2.1","140","Meat, poultry and fish-based local dishes","953.1","449.9","656.2","2500","5.2","1300"
"207","261","24900","33.1","21.1","1.3","Cheese, chedder","0","0","265","265","0","0.3","721","0","0","28","Milk and milk products","98","403","621","700","3.1","512"
"208","258","7600","34.9","21.9","2.7","Cheese, cream","0","0","366","366","0","0.3","80","0","0","6","Milk and milk products","119","349","296","1200","0.5","104"
"209","259","22200","22.3","13.2","2.2000000000000002","Cheese, mozarella","0","0","179","179","0","0.2","505","0","0","20","Milk and milk products","76","300","627","400","2.9","354"
"210","251","4900","2.5","1.6","21.8","Ice cream","0","0","29","59","0","0","124","0","0","12","Milk and milk products","151","126","59","100","0.4","99"
"211","252","21600","19","11.7","51.6","Infant formula, Lactogen","0","0","420","420","7","4","770","0.3","33","70","Milk and milk products","970","464","320","8000","3.5","600"
"212","253","7800","8.6999999999999993","5.3","54.5","Milk, condensed, sweetened","0","0","62","62","0","0","300","0","0","28","Milk and milk products","349","320","122","200","0.9","234"
"213","257","6800","7.6","4.6","10","Milk, condensed, evaported, without vitamin A","0","0","65","65","0","0.1","261","0","0","24","Milk and milk products","303","134","106","200","0.8","203"
"214","260","36200","0.7","0.5","52","Milk powder, non-fat, without vitamin A","0","0","6","6","0","0","1257","0","0","110","Milk and milk products","1794","362","535","300","4.0999999999999996","968"
"215","254","26300","26.7","16.7","38.4","Milk powder, full-cream","0","0","407","407","0","0","851","0","0","81","Milk and milk products","1036","496","407","700","3","681"
"216","255","3200","3.3","1.9","4.5","Milk whole, 0.0325 milk fat","0","0","28","28","0","0.1","115","0","0","11","Milk and milk products","140","60","55","100","0.4","92"
"217","256","3500","3.3","2.1","4.7","Yogurt, plain, whole milk","0","0","27","27","0","0.1","121","0","0","12","Milk and milk products","155","61","0","0","0","95"
"218","1102","300","99.5","61.9","0","Butter refined-ghee","0","0","925","925","2","3","8","0","0","1","Oils and fats","9","876","273","100","0","8"
"219","1101","900","81.099999999999994","51.4","0","Butter with salt","0","0","684","684","2","0.4","17","0","0","2","Oils and fats","24","717","576","0","0.1","24"
"220","1105","3600","34.700000000000003","30.7","6.7","Coconut cream","2.2","324","0","0","0","1","11","0.4","1.3","28","Oils and fats","325","330","4","2300","1","122"
"221","1114","3300","33.5","29.7","15.2","Coconut meat, raw","9","324","0","0","0","0.2","14","0.4","1.5","32","Oils and fats","356","354","20","2400","1.1000000000000001","113"
"222","1104","1000","10.1","8.9","4.5999999999999996","Coconut milk and water","2.7","97","0","0","0","1","4","0.1","0.5","10","Oils and fats","107","106","6","700","0.3","34"
"223","1103","0","100","86.9","0","Coconut oil","0","0","0","0","0","0","0","0","0","0","Oils and fats","0","862","0","0","0","0"
"224","1115","700","0.2","0.2","3.7","Coconut water","1.1","0","0","0","0","0.2","24","0","0.1","25","Oils and fats","250","19","105","300","0.1","20"
"225","1107","0","81","20.3","0","Margarine","0","0","0","0","0","6","0","0","0","0","Oils and fats","0","716","0","0","0","0"
"226","1108","0","100","81.5","0","Palm oil","0","0","5000","0","0","4","6","0","0","0","Oils and fats","0","862","0","0","0","7"
"227","1109","0","100","16.9","0","Sesame oil","0","0","0","0","0","13","0","0","0","0","Oils and fats","0","884","0","0","0","0"
"228","1110","0","100","25","0","Vegetable fat","0","0","0","0","0","8","0","0","0","0","Oils and fats","0","884","0","0","0","0"
"229","1111","0","100","25","0","Vegetable fat, Cowboy","0","0","0","0","0","8","0","0","0","0","Oils and fats","0","884","0","0","0","0"
"230","1112","0","100","25","0","Vegetable fat, Kimbo","0","0","0","0","0","8","0","0","0","0","Oils and fats","0","884","0","0","0","0"
"231","1113","0","100","86.5","0","Vegetable oil","0","0","0","0","0","1","0","0","0","0","Oils and fats","0","862","0","0","0","0"
"232","129","200","0.2","0","13.8","Apples, raw, with skin","2.4","55","3","0","0","0.2","6","0","0","5","Fruits and Fruit Juice","107","52","1","100","0","11"
"233","101","2000","14.7","2.1","8.5","Avocado, raw, all common variety","6.7","0","7","0","0","2.1","12","0.2","0.1","29","Fruits and Fruit Juice","599","160","7","600","0.6","52"
"234","102","1100","0.3","0.1","22.8","Banana, ripe","2.6","0","3","0","0","0.1","5","0.1","0.3","27","Fruits and Fruit Juice","358","89","1","300","0.2","22"
"235","103","4200","1.3","0.4","77.8","Baobab, pulp","5.1","0","0","0","0","1","36","0.7","0.3","46","Fruits and Fruit Juice","1221","305","3","1900","0.3","199"
"236","365","1100","0.2","0","27.1","Breadfruit, raw","4.9","0","0","0","0","0.1","17","0.1","0.1","25","Fruits and Fruit Juice","490","103","2","500","0.1","30"
"237","131","1700","0.6","0","25.2","Custard-apple (bullockâ€™s heart), raw","2.4","20","2","0","0","0","23","2.4","0.3","60","Fruits and Fruit Juice","414","101","9","700","1.4.","23.4"
"238","133","2600","0.4","0.2","63.3","Date, red, dried","3.2","0","1","0","0","1","39","0.3","0.3","26","Fruits and Fruit Juice","601","240","10","1700","0.2","78"
"239","134","300","0.6","0.1","21.7","Date, yellow","3.8","89","7","0","0","1","10","0.1","0.1","7","Fruits and Fruit Juice","163","84","0","300","0","10"
"240","130","1500","5.3","0","27.1","Durian","3.8","0","2","0","0","0","6","0.2","0.3","30","Fruits and Fruit Juice","436","147","2","400","0.3","39"
"241","104","200","0.4","0.1","14.2","Grape","2.5","59","5","0","0","1","7","0","0.1","5","Fruits and Fruit Juice","107","55","0","200","0","7"
"242","135","700","0.1","0","8.4","Grapefruit","1.1","0","2","0","0","0.1","12","0.05","0.01","9","Fruits and Fruit Juice","148","33","0","60","7.0000000000000007E-2","8"
"243","105","200","0.4","0.1","15.3","Grapes, pale green","2.7","63","5","0","0","1","7","0","0.1","5","Fruits and Fruit Juice","115","59","0","200","0","7"
"244","106","2600","1","0.3","14.3","Guavas, common, raw","5.4","0","31","0","0","0.7","18","0.2","0.2","22","Fruits and Fruit Juice","417","68","2","300","0.2","40"
"245","107","1500","0.3","0.1","24","Jackfruit, raw","1.6","0","15","0","0","0","34","0.2","0.2","37","Fruits and Fruit Juice","303","94","3","600","0.4","36"
"246","109","1100","0.3","0","9.3000000000000007","Lemon, raw, without peel","2.8","0","1","0","0","0.2","26","0","0","8","Fruits and Fruit Juice","138","29","2","600","0.1","16"
"247","110","700","0.2","0","10.5","Limes, raw","2.8","0","2","0","0","0.2","26","0","0","8","Fruits and Fruit Juice","138","30","2","600","0.1","16"
"248","111","200","0.1","0","14.1","Mango juice","0.8","8","168","0","0","0","4","0.1","0","4","Fruits and Fruit Juice","66","54","1","0","0","5"
"249","112","500","0.3","0.1","17","Mango, ripe, fresh-EP","1.8","20","38","0","0","1.1","10","0.1","0","9","Fruits and Fruit Juice","156","65","2","100","0","11"
"250","113","500","0.3","0.1","17","Mango, unripe","1.8","20","10","0","0","1","10","0.1","0","9","Fruits and Fruit Juice","156","65","2","100","0","11"
"251","108","600","0.1","0","9.9","Orange juice, concentrated, unsweetened","0.2","0","8","0","0","0","40","0.1","0","10","Fruits and Fruit Juice","181","42","0","100","0.1","14"
"252","114","900","0.1","0","11.8","Orange, raw-AP","2.4","0","8","0","0","0","40","0.1","0","10","Fruits and Fruit Juice","181","47","0","100","0.1","14"
"253","115","600","0.1","0","9.8000000000000007","Papaya, ripe","1.8","0","135","0","0","1","24","0","0","10","Fruits and Fruit Juice","257","39","3","100","0.1","5"
"254","116","600","0.1","0","9.8000000000000007","Papaya, unripe","1.8","0","135","0","0","1","24","0","0","10","Fruits and Fruit Juice","257","39","3","100","0.1","5"
"255","117","700","0.1","0","11.1","Passion, fruit","2","0","54","0","0","1","5","0.1","0.1","7","Fruits and Fruit Juice","197","43","0","100","0.1","12"
"256","127","600","0.1","0","10","Peach","1.8","0","49","0","0","1","6","0.1","0.1","9","Fruits and Fruit Juice","190","39","0","200","0.2","20"
"257","118","400","0.1","0","15.5","Pears, raw","3.1","55","1","0","0","0.1","9","0.1","0","0.2","Fruits and Fruit Juice","119","58","1","200","0.1","11"
"258","120","400","0.4","0","12.4","Pineapple juice","1.2","0","2","0","0","0","7","0.1","1.7","14","Fruits and Fruit Juice","113","49","1","400","0.1","7"
"259","119","500","0.1","0","12.6","Pineapple, raw, all variety","1.4","0","3","0","0","0","7","0.1","1.7","14","Fruits and Fruit Juice","113","48","1","400","0.1","7"
"260","121","700","0.3","0","11.4","Plums, raw","1.4","63","5","0","0","1","6","0.1","0.1","7","Fruits and Fruit Juice","157","46","0","200","0","16"
"261","128","700","0.4","0","12.8","Raspberry","5","0","16","0","0","1","25","0.1","0.7","22","Fruits and Fruit Juice","151","52","1","700","0.4","29"
"262","132","1000","0.3","0.1","16.8","Soursop, raw","3.3","20","0","0","0","0.1","14","0.1","0.1","21","Fruits and Fruit Juice","278","66","14","600","0.1","27"
"263","122","2900","0.5","0.2","71.2","Tamarind","3.6","0","1","0","0","1","44","0.3","0.3","30","Fruits and Fruit Juice","676","270","11","1900","0.3","87"
"264","123","200","0.4","0.1","15.3","Tamarind, fruit, fresh","2.7","63","5","0","0","1","7","0","0.1","5","Fruits and Fruit Juice","115","59","0","200","0","7"
"265","124","800","0.3","0","13.3","Tangerines, raw","1.8","0","34","0","0","0.2","40","0.1","0","10","Fruits and Fruit Juice","181","53","0","100","0.1","14"
"266","125","600","0.2","0","7.6","Watermelon, raw","0.4","0","28","0","0","0","7","0","0","10","Fruits and Fruit Juice","112","30","1","200","0.1","11"
"267","603","100","0","0","13.3","Apple juice","0.1","55","4","0","0","0.5","2","0","0.2","5","Fruit Based Local Dishes","90","53","2","500","0.2","7"
"268","604","600","5","0.8","15.9","Avocado juice","1.9","0","1.9","0","0","0.3","3.7","0.1","0.1","12.6","Fruit Based Local Dishes","194.5","104.5","3.4","300","0.1","13.6"
"269","601","100","0.1","0","18.100000000000001","Grape juice","0.8","19.7","1.7","0","0","0.3","2.5","0","0","1.7","Fruit Based Local Dishes","35.9","69.9","0.1","100","0","2.6"
"270","610","400","0","0","69.3","Mixed fruit jam","0.8","0","3","0","0.2","0.1","24","0.2","0.1","6","Fruit Based Local Dishes","85","261","15","1000","0.2","16"
"271","602","700","2.2000000000000002","0.3","6.6","Mixed fruit juice","1.9","0","29.1","0","0","0.4","16.6","0.1","0","10.4","Fruit Based Local Dishes","190.1","45","1.9","200","0.1","11.2"
"272","607","400","0.1","0","14.9","Papaya juice","1.2","0","90","0","0","0.7","16.1","0","0","6.7","Fruit Based Local Dishes","172","58.3","2.1","100","0.1","3.5"
"273","126","300","0","0","28.4","Passion juice","0.8","0","21.6","0","0","0.4","2.2","0","0","2.8","Fruit Based Local Dishes","79.3","110.1","0.2","100","0","5.3"
"274","606","1300","0.9","0.4","16.2","Watermelon juice","1.1","0","83.1","0","0","0","18","0.1","0.1","24.7","Fruit Based Local Dishes","260.4","111.8","4.5","400","0.2","20.2"
"275","401","8500","0.5","0.1","8.5","Amaranth, leaves, raw","4.2","42","146","0","0","0","96.9","0.2","0.9","55","Vegetables","380.9","23","6.6","2300","0.6","50"
"276","424","2700","0.1","0","7.8","Bean, cluster","2.8","14","30","0","0","0","14","0.1","0.3","20","Vegetables","136","42","2","800","0.6","59"
"277","425","1900","0.3","0.1","7.9","Bean, french","3.2","91","67","0","0","0","46","0.1","0.3","25","Vegetables","299","35","3","1300","0.4","39"
"278","431","2300","0.2","0","2.1","Cabbage, chinese, raw","2","42","303","0","0","2","74","0.1","0.3","15","Vegetables","202","15","16","1100","0.2","41"
"279","402","600","0.3","0.1","2.8","Cabbage, cooked","1.8","0","8","0","0","0","20","0","0.1","5","Vegetables","61","14","5","100","0.1","9"
"280","403","1300","0.1","0","5.8","Cabbage, raw, green, white","2.5","0","5","0","0","0.2","40","0","0.2","12","Vegetables","170","25","18","500","0.2","26"
"281","430","1100","0.2","0","10.5","Carrot, juice","3.3","9","1942","0","0","1","31","0.1","0.8","13","Vegetables","227","45","66","600","0.3","30"
"282","404","900","0.2","0","9.6","Carrots, raw","2.8","9","841","0","0","0.7","33","0","0.1","12","Vegetables","320","41","69","300","0.2","35"
"283","409","3700","0.2","0","7.3","Cassava leaf","0.6","42","519","0","0","0","211","0.2","0.1","62","Vegetables","550","37","11","3100","0.4","72"
"284","405","700","0.1","0","2.6","Cauliflower, cooked without salt","1.1","0","6","0","0","0","23","0","0.1","7","Vegetables","121","12","9","300","0.1","11"
"285","406","2000","0.1","0","5.3","Cauliflower, raw","2.5","0","1","0","0","0.1","22","0","0.2","15","Vegetables","303","25","30","400","0.3","44"
"286","427","900","0.1","0","5.0999999999999996","Chili, green","1.3","35","39","0","0","1","12","0.1","0.1","11","Vegetables","150","21","12","600","0.2","27"
"287","410","9300","0.8","0","7.3","Cowpea leaf","3.3","42","519","0","0","0","49.7","0.2","0.1","62","Vegetables","248","37","5.7","800","1.4","72"
"288","407","700","0.1","0","3.6","Cucumber, with peel, raw","0.5","0","5","0","0","0","16","0","0.1","13","Vegetables","147","15","2","300","0.2","21"
"289","408","1000","0.2","0","5.7","Egg plant, raw","3.4","0","1","0","0","0.3","9","0.1","0.3","14","Vegetables","230","24","2","400","0.1","25"
"290","411","2300","0.2","0","2.1","Green medium, leaf","2","42","303","0","0","2","74","0.1","0.3","15","Vegetables","202","15","16","1100","0.2","41"
"291","429","0","0","4.5","0.3","Green pepper (capsicum)","0","70","78","0","0","2","10","0","0.1","10","Vegetables","131","19","10","500","0.2","23"
"292","426","1000","0.3","0","1","Hare lettuce, (mchunga)","0.4","42","8.3","0","0","6.1","66.7","0.1","0.3","44.8","Vegetables","21.3","10.7","14.5","1700","0.2","2.8"
"293","414","1000","0.2","0","2.1","Lettuce","1.4","0","33","0","0","0","19","0","0.2","9","Vegetables","158","13","9","500","0.2","20"
"294","415","2200","0.5","0.1","5.0999999999999996","Mushroom","2.2","0","0","0","2","0","3","0.3","0","9","Vegetables","318","27","5","500","0.5","86"
"295","416","2000","0.1","0","7","Okra, raw","3.2","77","19","0","0","0.4","81","0.1","1","57","Vegetables","303","31","0.6","800","0.6","63"
"296","417","1300","0.2","0","9.1999999999999993","Onion, raw","1.3","0","0","0","0","0","23","0","0.1","10","Vegetables","146","40","4","200","0.2","29"
"297","418","5400","0.2","0","15.6","Pea, green, fresh","5.5","28","60","0","0","0","27","0.2","0.5","39","Vegetables","271","84","3","1500","1.2","117"
"298","433","1000","0.3","0.1","5.8","Pepper dried or fresh, hot","1.7","35","471","0","0","1","9","0.4","0.1","11","Vegetables","141","27","15","400","0.1","19"
"299","412","7000","0.7","0.2","9","Pumpkin leaf, raw","4.4","42","550","0","0","2","114.5","0.3","0.3","28.4","Vegetables","203","19","29","600","1.1000000000000001","29"
"300","419","500","0.3","0.1","4.4000000000000004","Pumpkin, cooked","1.4","0","201","0","0","0","7","0.1","0.1","4","Vegetables","219","20","1","200","0.2","10"
"301","432","3500","0.9","0.1","7.1","Salad, green","4.4","47","399","0","0","3","94","0.1","0.4","352","Vegetables","22","36","1.8","0","0.1","17"
"302","420","3000","0.3","0","3.8","Spinach, cooked","2.4","0","819","0","0","1","136","0.2","0.9","87","Vegetables","466","23","70","3600","0.8","56"
"303","428","4800","0.3","0","6.4","Sweet potato leaf","2","42","303","0","0","2","59.2","0.1","0.3","44.8","Vegetables","315.2","35","10.6","500","0.2","41"
"304","434","1800","0.2","0","3.7","Swiss chard, raw","1.6","42","306","0","0","1.9","51","0.9","1.6","81","Vegetables","379","19","213","1800","2.8","46"
"305","413","5000","0.7","0.2","6.7","Taro leaf, raw","3.7","0","241","0","0","2","137","0.3","0.3","22","Vegetables","203","42","29","800","0.1","29"
"306","421","1000","0.4","0.1","4.5","Tomato, bitter (African egg plant)","2.8","6","13","0","0","0","31","0","0.1","8","Vegetables","97","22","8","200","0.1","15"
"307","422","900","0.3","0","4.5999999999999996","Tomato, green","1.1","6","87","0","0","0","5","0.1","0.1","11","Vegetables","222","21","9","500","0.1","24"
"308","423","900","0.3","0","4.5999999999999996","Tomato, ripe","1.1","6","87","0","0","0","5","0.1","0.1","11","Vegetables","222","21","9","500","0.1","24"
"309","755","700","2.1","1.8","3.5","Cabbage relish with oil","1.4","5.2","97.6","0","0","0.1","14.3","0","0.1","7","Vegetables Based","89.2","34.1","130.7","200","0.1","16.5"
"310","754","1200","0.3","0.1","6.2","Cabbage, onion salad","2.2","0.3","18","0","0","0","26.7","0","0.1","11.1","Vegetables Based","151.8","27.8","6","300","0.2","24.2"
"311","756","6400","6.8","0.9","9.9","Cassava leaf relish with groundnuts","2","263.7","330.6","0","0","0","159.4","0.3","0.4","67.9","Vegetables Based","531.8","113.1","270.3","2800","0.8","108.9"
"312","757","2800","4.7","4","6.7","Cassava leaf relish with coconut milk","1.6","70","360.5","0","0","1.2","136.2","0.2","0.3","44","Vegetables Based","398.1","70.9","9.7","2300","0.4","61.1"
"313","759","2500","6","5.2","6.4","Cow pea leaf relish with coconut milk","1.9","77.5","259.5","0","0","0","107.8","0.2","0.3","36.8","Vegetables Based","337.4","80.3","9","2000","0.4","55.8"
"314","779","4800","4.2","0.5","8.3000000000000007","Cow pea leaf relish with groundnuts","1.6","168.4","345.3","0","0","0","133","0.2","0.1","43.4","Vegetables Based","442.9","79.3","10.7","2100","0.3","57.3"
"315","784","1200","4.7","2","7.9","Egg plant relish","2.2","16.5","44.2","0","0","1.1","9.4","0.1","0.2","13.7","Vegetables Based","247.2","77.3","28.2","400","0.2","28.8"
"316","763","2800","9.1999999999999993","8","5.8","Green leaf, medium, relish with coconut milk","4.1","121.5","245.4","0","0","1.9","63.7","0.2","0.6","20.8","Vegetables Based","259.7","107.7","18.4","1500","0.5","63.7"
"317","762","1000","0.6","0.1","2","Green leaf, medium relish with groundnuts","0.8","27.8","86.7","0","0","0.5","17.2","0","0","8","Vegetables Based","114.7","15","16","300","0.1","19.2"
"318","760","800","7","0","0.7","Green leaf, medium, relish without oil","0.7","7","106","0","0","0.7","26","0","0.1","5.3","Vegetables Based","71.1","5.3","5.6","400","0.1","14.4"
"319","761","1000","14.5","7.9","1","Green leaf, medium, relish with oil","0.9","22.2","192.1","0","0","1.3","35","0","6.1","7","Vegetables Based","96","86.1","7.5","23500","0.1","19.5"
"320","766","3900","0.2","0","12","Green peas relish without oil","4.1","20.9","62.2","0","0","0","20.8","0.1","0.4","30.1","Vegetables Based","246.4","63.5","111.9","1200","0.9","88.2"
"321","782","3800","2.6","2","11.8","Green peas relish with oil","3.9","19.8","59.2","0","0","0","20","0.2","0.6","34.2","Vegetables Based","250","82.5","99","1400","1","94"
"322","767","3600","7,8","6.7","11.9","Green peas relish with oil and coconut milk","4.6","79.1","47.3","0","0","0.2","20.1","0.1","0.4","28.7","Vegetables Based","236.4","125.6","106.1","1100","0.8","84.1"
"323","778","3700","6.6","5.7","12.7","Green peas relish with coconut milk","5.1","69.8","42.7","0","0","0.2","18","0.2","0.7","28","Vegetables Based","247.9","120.2","83.8","1300","0.9","85.7"
"324","786","1000","17.399999999999999","14.8","4.5","Hare lettuce (mchunga)","0.9","14.7","42.2","0","40.4","323.2","26.6","0.1","0.1","7.3","Vegetables Based","141","169.6","9.2","800","0.1","18.4"
"325","783","900","0.2","0.1","3.7","Okra relish without oil","1.9","39.7","202.3","0","0","0.7","59.4","0.1","0.2","14.4","Vegetables Based","152.5","16.7","656.1","600","0.1","20.7"
"326","775","800","6.2","5.6","4.7","Okra relish with oil","1.3","24.2","212.7","0","0","0.3","15.1","0.1","0.2","10.9","Vegetables Based","171.6","74.3","107.2","500","0.2","22.5"
"327","765","1200","3.2","2.7","5.7","Okra relish with coconut milk","0","54","43","0","0","0","17","0.1","0.3","13","Vegetables Based","190","51","6","700","0.2","30"
"328","781","1000","10.199999999999999","8.7","4.5","Okra, fried","1.5","38.5","28.5","0","0","0.1","22.3","0.1","0.1","11.8","Vegetables Based","145.7","106.2","292.3","600","0.2","20.5"
"329","780","3700","13.7","11.9","10.6","Sweet potato leaf relish with coconut milk","7.1","188.4","770","0","0","3.2","109.7","0.3","1","33.8","Vegetables Based","425.3","166.1","417.6","2500","0.7","102.6"
"330","777","6500","2.6","1.4","6.9","Potato leaf relish with milk","4","53.4","385.6","0","0","72.7","213.7","0.1","0.5","36.3","Vegetables Based","484","67.7","63.4","2200","0.5","134.5"
"331","764","3400","11","9.4","7.4","Potato leaf relish with oil","0.7","84","637.4","31.4","0","4","96","0.1","0.4","20","Vegetables Based","270.5","131","20.6","1400","0.3","55"
"332","772","3000","9.1999999999999993","1.3","24.4","Potato samosa","1.1","91","0","0","0","1","5","0.1","0.2","13","Vegetables Based","150","194","2","400","0.3","41"
"333","769","800","0.2","0","3.7","Pumpkin leaf relish without oil","1.8","21.2","343.7","0","0","1","67.6","0.1","0.2","13.4","Vegetables Based","152.4","16.8","131.7","500","0.1","20.7"
"334","768","700","5.7","4.9","3.5","Pumpkin leaf relish with oil","1.7","20","324.6","0","0","1","63.8","0.2","0.3","12.6","Vegetables Based","143.9","63.8","124.4","500","0.7","19.6"
"335","770","1700","15.2","12.5","3.7","Spinach relish with groundnut and oil","0.5","0.6","42.3","0","0","0.1","63.2","0.1","0.1","19.3","Vegetables Based","182.2","149","3.7","900","0.1","25.5"
"336","752","3300","0.5","0","8.8000000000000007","Spinach relish without oil","1.2","35.1","43.8","0","0","0","170.9","0.1","0.1","53.8","Vegetables Based","525.6","43.5","12","2600","0.3","68.5"
"337","753","2700","9","7.8","6.1","Spinach relish with oil","0.6","30","296.6","0","0","0.2","152.9","0.1","0.1","45.7","Vegetables Based","68.7","108","306.4","2200","0.3","55.2"
"338","771","3200","3.8","0.5","5.5","Spinach relish with sesame seeds","1.6","398.2","264.3","0","0","0.2","185.4","0.4","0.3","59.6","Vegetables Based","317.4","61.8","6.5","2700","0.8","87"
"339","785","1100","0.3","0.1","5.2","Tomato relish","1.7","20.9","56","0","0","0","10","0.1","0.3","13","Vegetables Based","250","34","9","500","0.1","32"
"340","451","300","0","0","3.7","Beer, commercial","0.2","0","0","0","0","0","5","0","0","6","Miscellaneous","25","41","5","0","0","12"
"341","452","300","0","0","3.7","Beer, local, grain","0.2","0","0","0","0","0","5","0","0","6","Miscellaneous","25","41","5","0","0","12"
"342","453","300","0","0","3.7","Beer, local, non-specific","0.2","0","0","0","0","0","5","0","0","6","Miscellaneous","25","41","5","0","0","12"
"343","454","1100","2.2999999999999998","0.6","87.7","Blackcurrant, syrup, ribena","15.5","361","29","0","0","6","40","0.2","0.3","29","Miscellaneous","659","338","0","1100","0","40"
"344","455","4200","30","17.8","63.1","Candy, choclate","5.9","84","0","0","0","0.3","32","0.7","0.8","115","Miscellaneous","365","479","11","3100","1.6","132"
"345","458","100","0","0","9.6","Carbonated, beverage, coca cola","0","0","0","0","0","0","3","0","0","1","Miscellaneous","1","37","4","0","0","12"
"346","471","12000","17.3","3.3","56.6","Chili powder, red","25","403","4161","0","0","1","148","0.4","2","152","Miscellaneous","2014","318","30","7800","2.5","293"
"347","481","500","0.1","0.4","38.299999999999997","Chili sauce","0.6","4.6","31.2","0","0","0.1","6.9","0","0.1","8.4","Miscellaneous","129","169.9","283.8","400","0.1","17.5"
"348","160","500","3.4","3","10","Coconut immature, meat and water","0.9","32","0","0","0","0","126","0.1","0.2","3","Miscellaneous","66","70","5","400","0.1","48"
"349","459","0","100","14.4","0","Cod liver oil","0","0","0","0","0","6","0","0","0","0","Miscellaneous","0","884","0","0","0","0"
"350","472","10000","0","0","40","Coffee, instant","0","600","0","0","0","0","300","1","2","400","Miscellaneous","3600","200","300","10000","0","300"
"351","460","18200","21.5","7.5","2","Cricket","0","0","1","1","1","0","90","3","1.5","62","Miscellaneous","545","274","55","2500","8.4","424"
"352","476","0","0","0","6.8","Fruit flavored drink, concentrated","0","0","0","0","0","0","51","0","0","0","Miscellaneous","0","27","0","0","0","0"
"353","477","6400","0.5","0.9","33.1","Garlic, fresh-AP","2.1","0","0","0","0","0","181","0.3","1.7","25","Miscellaneous","401","149","17","1700","1.2","143"
"354","490","2100","0.3","0","15.3","Ginger","2.1","0","0","0","0","0","33","0.1","0.2","17","Miscellaneous","249","66","5","300","0.3","53"
"355","461","300","0","0","82.4","Honey","0","0","0","0","0","0","6","0","0.1","2","Miscellaneous","52","304","4","400","0.2","4"
"356","491","0","0","0","19.899999999999999","Ice sherbet","0","0","0","0","0","0","0","0","0","0","Miscellaneous","0","77.4","0","0","0","0"
"357","462","500","1.1000000000000001","0.3","41","Orange drink, concentrated","7.2","169","13","0","0","3","19","0.1","0.1","13","Miscellaneous","308","158","0","500","0","19"
"358","463","0","0","0","0","Salt, iodized","0","0","0","0","0","0","45","0","0","2","Miscellaneous","8","0","38724","100","0","0"
"359","464","0","0","0","0","Salt, non-iodized","0","0","0","0","0","0","45","0","0","2","Miscellaneous","8","0","38724","100","0","0"
"360","474","10500","0.1","0","5.6","Soy sauce","0.8","122","0","0","0","0","20","0.1","0.5","40","Miscellaneous","212","60","5586","2400","0.4","130"
"361","475","40500","24","3.5","9.5","Soybean milk, dried","6","1870","0","0","0","0","525","1","3.1","515","Miscellaneous","605","380","35","27000","4","485"
"362","465","0","0","0","99.9","Sugar","0","0","0","0","0","0","1","0","0","0","Miscellaneous","2","387","1","100","0","2"
"363","466","0","0","0","6.8","Sugarcane","0","0","0","0","0","0","6","0","0","2","Miscellaneous","24","26","3","100","0","2"
"364","467","0","0","0","14.6","Sugarcane juice","0","0","0","0","0","0","13","0.1","0.1","4","Miscellaneous","52","56","6","300","0","3"
"365","468","0","0","0","0.2","Tea leaves","0","0","0","0","0","0","2","0","0.2","2","Miscellaneous","20","1","3","0","0","1"
"366","469","19700","31.2","10.8","1","Termite","0","0","1","1","1","0","32","0.1","0.1","17","Miscellaneous","361","369","1294","1300","2.5","184"
"367","489","800","0.1","0","5.7","Tomato juice","1.1","7","80","0","0","0.3","5","0.6","0.2","11","Miscellaneous","235","26","26","900","0.7","1"
"368","470","1000","0.3","0","25.3","Tomato ketchup","1.3","7","100","0","0","0","456","0.4","0.1","33","Miscellaneous","335","101","387250","1600","0.1","28"
"369","478","0","0","13.8","0.9","Tomato paste","0","18","261","0","0","0","15","0.2","0.3","33","Miscellaneous","666","63","27","1500","0.3","72"
"370","480","0","0","0","0.3","Vinegar, wine","0","0","0","0","0","0","8","0","0.2","10","Miscellaneous","89","19","8","400","0.1","14"
"371","1006","1300","1.6","1","0.2","Coffee with milk, without sugar","0","1.7","22.6","22.6","0","0","0.1","0","0","0","Miscellaneous-local dishes","0.1","11.5","0.1","0","0","0.1"
"372","1004","0","0","0","9.1","Coffee without milk, with sugar,","0","0","0","0","0","0","0.2","0","0","0","Miscellaneous-local dishes","0.3","35.4","1.8","0","0","0.2"
"373","1005","1300","1.6","1","3.1","Coffee with milk and sugar","0","1.7","22.6","22.6","0","0","48.1","0","0","5.6","Miscellaneous-local dishes","67.6","31.5","23.5","100","0.2","38.7"
"374","1008","17300","30.7","4.3","76","Groundnut cluster","5.6","1129.6","0","0","0","5.6","59.6","0.7","1.3","107.2","Miscellaneous-local dishes","452.9","616.6","12","3100","2.1","248.3"
"375","1007","1700","30.7","16.9","59.9","Halwa","1.1","206.4","246.7","246.7","0.5","2.7","24.2","0.1","0.2","24.5","Miscellaneous-local dishes","62.4","511.7","75.9","500","0.1","47.1"
"376","1003","1300","1.6","1","0.2","Tea with milk, without sugar","0","0","22.6","22.6","0","0","0.2","0","0","0","Miscellaneous-local dishes","0.3","11","1.8","0","0","0.2"
"377","1001","0","0","0","9.1","Tea without milk, with sugar","0","0","0","0","0","0","0.1","0","0","0","Miscellaneous-local dishes","0.1","35.4","0.1","0","0","0.1"
"378","1002","1300","1.6","1","3","Tea with milk and sugar","0","0","22.6","22.6","0","0","47.3","0","0","4.5","Miscellaneous-local dishes","57.6","31","22.6","0","0.2","37.9"
"379","","","","","","","","","","","","","","","","","","","","","","",""
"380","","","","","","","","","","","","","","","","","","","","","","",""
"381","","","","","","","","","","","","","","","","","","","","","","",""
"382","Part-filtered dataset - Origins Tanzania 2018 FCT.","","","","","","","","","","","","","","","","","","","","","",""
